id,experiment,particle_type,x,y,z
0,TS_99_9,virus-like-particle,276.63890000000004,18.5542,51.0129
1,TS_99_9,virus-like-particle,308.4893,48.7084,76.0823
2,TS_99_9,virus-like-particle,369.3973,293.29830000000004,62.0271
3,TS_99_9,virus-like-particle,301.0666,246.9137,88.4272
4,TS_99_9,virus-like-particle,55.666399999999996,316.7112,66.4183
5,TS_99_9,virus-like-particle,28.938799999999997,411.33990000000006,76.5344
6,TS_99_9,virus-like-particle,98.103,191.0541,78.0365
7,TS_99_9,virus-like-particle,156.64010000000002,471.0311,79.1778
8,TS_99_9,virus-like-particle,201.00560000000002,475.26180000000005,105.70779999999999
9,TS_99_9,virus-like-particle,224.40680000000003,431.0063,95.9548
10,TS_99_9,virus-like-particle,80.42699999999999,581.7135000000001,57.94930000000001
11,TS_99_9,virus-like-particle,419.82280000000003,553.4578,85.8169
12,TS_99_9,virus-like-particle,569.8538,333.1427,80.6002
13,TS_99_9,ribosome,331.952,547.63,101.4511
14,TS_99_9,ribosome,310.60790000000003,557.4209,118.61099999999999
15,TS_99_9,ribosome,367.6997,527.1281,89.0752
16,TS_99_9,ribosome,371.71799999999996,545.5125,110.321
17,TS_99_9,ribosome,352.5117,561.4422999999999,111.2576
18,TS_99_9,ribosome,353.53229999999996,500.8014,105.9689
19,TS_99_9,ribosome,288.3189,538.2515999999999,113.35060000000001
20,TS_99_9,ribosome,211.63359999999997,518.9631,102.7456
21,TS_99_9,ribosome,232.89090000000002,513.0186,125.34049999999999
22,TS_99_9,ribosome,194.7981,539.1709,131.3177
23,TS_99_9,ribosome,215.6805,560.9771,127.3522
24,TS_99_9,ribosome,250.92950000000002,537.0443,118.55709999999999
25,TS_99_9,ribosome,271.9011,509.674,126.3963
26,TS_99_9,ribosome,317.6477,504.9588,112.6434
27,TS_99_9,ribosome,493.49620000000004,607.1261000000001,94.7376
28,TS_99_9,ribosome,499.9826,586.6993,112.22439999999999
29,TS_99_9,ribosome,492.7254,559.5834,114.5519
30,TS_99_9,ribosome,561.595,490.9438,98.9317
31,TS_99_9,ribosome,533.6302,496.35209999999995,104.51050000000001
32,TS_99_9,ribosome,527.9465,456.4465,41.707
33,TS_99_9,ribosome,491.658,506.5955,112.0492
34,TS_99_9,ribosome,41.1526,31.5634,37.032799999999995
35,TS_99_9,ribosome,43.0518,11.0647,13.370099999999999
36,TS_99_9,ribosome,70.2557,11.546299999999999,16.5955
37,TS_99_9,ribosome,105.5336,45.784,23.7445
38,TS_99_9,ribosome,115.29169999999999,48.2744,46.8791
39,TS_99_9,ribosome,142.4626,53.798500000000004,22.771
40,TS_99_9,ribosome,85.22720000000001,67.0775,24.6253
41,TS_99_9,ribosome,113.58,120.01790000000001,27.8969
42,TS_99_9,ribosome,83.3018,121.19149999999999,29.1627
43,TS_99_9,ribosome,52.1382,99.1567,23.2765
44,TS_99_9,ribosome,72.4625,90.6686,43.6445
45,TS_99_9,ribosome,97.1899,92.4657,18.9731
46,TS_99_9,ribosome,30.980200000000004,140.9819,65.9974
47,TS_99_9,ribosome,54.492399999999996,119.75899999999999,83.18769999999999
48,TS_99_9,ribosome,53.9079,140.2459,90.6531
49,TS_99_9,ribosome,113.1172,17.1919,18.483600000000003
50,TS_99_9,ribosome,27.144,420.7943,118.1704
51,TS_99_9,ribosome,64.2942,387.9471,114.73330000000001
52,TS_99_9,ribosome,55.9039,366.3243,118.024
53,TS_99_9,ribosome,80.78490000000001,417.77700000000004,128.3998
54,TS_99_9,ribosome,28.3913,381.9565,115.6087
55,TS_99_9,ribosome,25.668599999999998,524.6703,106.6913
56,TS_99_9,ribosome,49.050599999999996,527.5121,129.1868
57,TS_99_9,ribosome,88.272,513.6225999999999,130.5376
58,TS_99_9,ribosome,200.3082,332.8973,100.108
59,TS_99_9,ribosome,187.3277,354.3216,67.80460000000001
60,TS_99_9,ribosome,111.8468,361.9591,126.7875
61,TS_99_9,ribosome,95.616,241.8385,83.37219999999999
62,TS_99_9,ribosome,84.2784,228.84789999999998,46.3814
63,TS_99_9,ribosome,100.888,272.1708,93.8224
64,TS_99_9,ribosome,153.4252,265.37469999999996,89.4814
65,TS_99_9,ribosome,176.6353,256.3641,112.8742
66,TS_99_9,ribosome,171.3554,287.0877,108.28869999999999
67,TS_99_9,ribosome,288.70709999999997,292.0025,113.8122
68,TS_99_9,ribosome,528.3408999999999,124.9497,91.7141
69,TS_99_9,ribosome,576.2274,174.90370000000001,77.28200000000001
70,TS_99_9,ribosome,590.3842,156.56300000000002,97.7371
71,TS_99_9,ribosome,548.2753,182.7704,84.8819
72,TS_99_9,ribosome,478.79409999999996,145.2551,90.4813
73,TS_99_9,ribosome,456.1989,164.132,95.4457
74,TS_99_9,ribosome,416.6224,135.60229999999999,106.22560000000001
75,TS_99_9,ribosome,430.65060000000005,204.9676,109.2797
76,TS_99_9,ribosome,25.814,541.214,127.0491
77,TS_99_9,ribosome,376.3052,519.8677,115.6437
78,TS_99_9,beta-amylase,291.377,592.1278,86.7604
79,TS_99_9,beta-amylase,280.60569999999996,577.2,113.84
80,TS_99_9,beta-amylase,167.6875,510.3125,118.0
81,TS_99_9,beta-amylase,57.96079999999999,445.70590000000004,106.56859999999999
82,TS_99_9,beta-amylase,92.0,564.5,153.0
83,TS_99_9,beta-amylase,403.34119999999996,376.9948,117.3543
84,TS_99_9,beta-amylase,277.7874,349.1181,47.815
85,TS_99_9,beta-amylase,188.5833,23.6667,18.4167
86,TS_99_9,beta-amylase,199.949,227.3469,31.066300000000002
87,TS_99_9,beta-amylase,234.573,201.764,99.6966
88,TS_99_9,beta-amylase,208.0,181.5,31.127499999999998
89,TS_99_9,beta-amylase,337.9651,162.7093,69.3682
90,TS_99_9,beta-amylase,283.2,158.0,67.0
91,TS_99_9,beta-amylase,368.07800000000003,205.3756,45.0488
92,TS_99_9,beta-amylase,199.0,281.0,73.0
93,TS_99_9,beta-amylase,361.4741,264.09479999999996,74.20259999999999
94,TS_99_9,beta-amylase,157.17739999999998,108.5222,66.16130000000001
95,TS_99_9,beta-amylase,144.0667,100.1667,79.0333
96,TS_99_9,beta-amylase,250.16230000000002,95.1948,80.6623
97,TS_99_9,beta-amylase,73.0,184.8333,92.1667
98,TS_99_9,beta-amylase,444.3627,626.2353,94.5882
99,TS_99_9,thyroglobulin,63.8516,149.9883,27.957
100,TS_99_9,thyroglobulin,203.881,21.4041,36.1807
101,TS_99_9,thyroglobulin,150.454,366.202,56.6838
102,TS_99_9,thyroglobulin,216.6658,200.01690000000002,54.704600000000006
103,TS_99_9,thyroglobulin,65.65259999999999,198.8951,59.7846
104,TS_99_9,thyroglobulin,308.2001,224.03640000000001,64.5634
105,TS_99_9,thyroglobulin,250.48420000000002,456.50100000000003,62.8011
106,TS_99_9,thyroglobulin,578.8387,297.88919999999996,69.2567
107,TS_99_9,thyroglobulin,536.0187,415.7772,72.7216
108,TS_99_9,thyroglobulin,224.5603,178.9767,78.5667
109,TS_99_9,thyroglobulin,139.8087,377.591,100.41029999999999
110,TS_99_9,thyroglobulin,381.7136,138.9497,101.7085
111,TS_99_9,thyroglobulin,122.9988,201.7224,114.34110000000001
112,TS_99_9,thyroglobulin,216.93490000000003,32.9172,114.5444
113,TS_99_9,thyroglobulin,489.0,457.0,121.0
114,TS_99_9,thyroglobulin,464.90240000000006,476.3902,62.4268
115,TS_99_9,thyroglobulin,551.322,463.5311,75.94919999999999
116,TS_99_9,thyroglobulin,434.73130000000003,414.209,108.05969999999999
117,TS_99_9,thyroglobulin,374.76570000000004,457.44350000000003,107.9079
118,TS_99_9,thyroglobulin,540.9036,561.4819,87.8072
119,TS_99_9,thyroglobulin,514.1848,256.2391,98.2609
120,TS_99_9,thyroglobulin,446.57070000000004,266.74879999999996,109.6463
121,TS_99_9,thyroglobulin,395.7731,228.4118,39.302499999999995
122,TS_99_9,thyroglobulin,338.25,280.5,105.0
123,TS_99_9,thyroglobulin,326.1336,244.2708,102.0181
124,TS_99_9,thyroglobulin,235.7384,357.27779999999996,108.5972
125,TS_99_9,thyroglobulin,164.9074,378.6667,62.407399999999996
126,TS_99_9,thyroglobulin,190.5325,372.8049,103.22760000000001
127,TS_99_9,thyroglobulin,149.8586,422.0741,132.3401
128,TS_99_9,thyroglobulin,234.5,564.75,89.5
129,TS_99_9,thyroglobulin,230.3101,599.8480999999999,89.9873
130,TS_99_9,thyroglobulin,352.57869999999997,18.338,73.3264
131,TS_99_9,thyroglobulin,273.1186,106.36600000000001,23.706200000000003
132,TS_99_9,thyroglobulin,105.4579,304.3832,71.5813
133,TS_99_9,thyroglobulin,43.0,269.0,93.0
134,TS_99_9,thyroglobulin,150.3692,169.80509999999998,28.866699999999998
135,TS_99_9,thyroglobulin,67.6591,83.4773,7.0909
136,TS_99_9,thyroglobulin,49.285700000000006,79.8312,68.6104
137,TS_99_9,thyroglobulin,45.293099999999995,186.6293,29.3448
138,TS_99_9,thyroglobulin,160.4444,69.50789999999999,103.69839999999999
139,TS_99_9,thyroglobulin,262.097,150.497,42.4606
140,TS_99_9,thyroglobulin,257.697,77.46459999999999,64.2323
141,TS_99_9,thyroglobulin,248.7147,425.62209999999993,70.401
142,TS_99_9,thyroglobulin,228.03159999999997,338.0752,79.1189
143,TS_99_9,thyroglobulin,279.0,394.5,79.0
144,TS_99_9,thyroglobulin,111.0308,573.4615,86.2154
145,TS_99_9,thyroglobulin,314.8098,323.4683,95.2634
146,TS_99_9,thyroglobulin,154.1778,408.26300000000003,98.9996
147,TS_99_9,thyroglobulin,126.7073,485.878,106.82929999999999
148,TS_99_9,beta-galactosidase,562.8926,490.4558,59.694500000000005
149,TS_99_9,beta-galactosidase,517.3756000000001,512.478,55.8683
150,TS_99_9,beta-galactosidase,351.01550000000003,19.558,74.3106
151,TS_99_9,beta-galactosidase,536.8571,328.5,92.42859999999999
152,TS_99_9,beta-galactosidase,587.0914,255.59949999999998,40.2796
153,TS_99_9,beta-galactosidase,569.2178,36.376999999999995,82.25059999999999
154,TS_99_9,beta-galactosidase,433.0594,22.770699999999998,23.2155
155,TS_99_9,beta-galactosidase,296.2,108.16669999999999,52.4222
156,TS_99_9,beta-galactosidase,259.59090000000003,76.2727,66.0
157,TS_99_9,beta-galactosidase,218.981,93.2048,51.8571
158,TS_99_9,beta-galactosidase,214.5786,144.99290000000002,28.335700000000003
159,TS_99_9,beta-galactosidase,48.5221,221.27939999999998,52.904399999999995
160,TS_99_9,beta-galactosidase,76.1031,252.7937,65.6812
161,TS_99_9,beta-galactosidase,150.3711,553.2695,112.7148
162,TS_99_9,beta-galactosidase,313.0,343.0,32.5
163,TS_99_9,beta-galactosidase,154.2335,410.22749999999996,97.0
164,TS_99_9,beta-galactosidase,43.0436,576.2282,97.23490000000001
165,TS_99_9,beta-galactosidase,602.8531,181.48399999999998,48.9704
166,TS_99_9,beta-galactosidase,514.2515999999999,112.0644,61.059799999999996
167,TS_99_9,beta-galactosidase,290.75,332.0,58.0
168,TS_99_9,beta-galactosidase,311.2493,277.1804,80.0133
169,TS_99_9,beta-galactosidase,205.8911,392.9241,78.6634
170,TS_99_9,beta-galactosidase,80.7718,459.74899999999997,106.0788
171,TS_99_9,beta-galactosidase,539.0233000000001,561.3953,108.02329999999999
172,TS_99_9,apo-ferritin,607.2464,403.8,71.5679
173,TS_99_9,apo-ferritin,596.7452000000001,422.82129999999995,112.46010000000001
174,TS_99_9,apo-ferritin,584.7622,506.671,67.8893
175,TS_99_9,apo-ferritin,47.2853,563.2618,58.067600000000006
176,TS_99_9,apo-ferritin,56.4507,560.488,67.816
177,TS_99_9,apo-ferritin,89.0414,561.5759,46.769
178,TS_99_9,apo-ferritin,561.3561,67.273,26.5579
179,TS_99_9,apo-ferritin,45.8087,197.2013,76.5906
180,TS_99_9,apo-ferritin,128.4111,175.24110000000002,25.087
181,TS_99_9,apo-ferritin,128.4136,171.3797,36.7525
182,TS_99_9,apo-ferritin,123.31120000000001,205.3458,25.190199999999997
183,TS_99_9,apo-ferritin,119.41069999999999,191.1285,26.717899999999997
184,TS_99_9,apo-ferritin,554.3161,287.9598,40.842
185,TS_99_9,apo-ferritin,548.5217,277.462,41.1413
186,TS_99_9,apo-ferritin,544.8109999999999,348.646,98.55330000000001
187,TS_99_9,apo-ferritin,352.9611,291.9728,38.0389
188,TS_99_9,apo-ferritin,343.8216,301.029,39.792500000000004
189,TS_99_9,apo-ferritin,425.1254,84.56269999999999,72.0143
190,TS_99_9,apo-ferritin,459.20439999999996,132.1788,32.2883
191,TS_99_9,apo-ferritin,425.0071,183.726,31.9929
192,TS_99_9,apo-ferritin,439.51300000000003,189.2857,35.201299999999996
193,TS_99_9,apo-ferritin,367.0295,185.1882,32.8745
194,TS_99_9,apo-ferritin,328.7917,128.628,28.256
195,TS_99_9,apo-ferritin,296.73310000000004,164.6264,31.278100000000002
196,TS_99_9,apo-ferritin,298.7912,172.9794,39.7471
197,TS_99_9,apo-ferritin,65.2,457.4214,41.6571
198,TS_99_9,apo-ferritin,103.2835,450.6417,100.3228
199,TS_99_9,apo-ferritin,110.0435,444.9249,107.8617
200,TS_99_9,apo-ferritin,92.9932,452.4384,91.5137
201,TS_99_9,apo-ferritin,118.92370000000001,488.2468,46.4122
202,TS_99_9,apo-ferritin,164.9873,498.5285,47.3544
203,TS_99_9,apo-ferritin,216.5042,461.7759,84.6807
204,TS_99_9,apo-ferritin,221.59520000000003,469.45020000000005,92.861
205,TS_99_9,apo-ferritin,227.63939999999997,460.82610000000005,80.2558
206,TS_99_9,apo-ferritin,213.73539999999997,343.79380000000003,60.0
207,TS_99_9,apo-ferritin,168.581,381.5229,135.49849999999998
208,TS_5_4,virus-like-particle,62.6933,115.10909999999998,63.7139
209,TS_5_4,virus-like-particle,148.05519999999999,127.898,82.0227
210,TS_5_4,virus-like-particle,125.1324,545.1893,73.56309999999999
211,TS_5_4,virus-like-particle,11.7204,539.3268,92.3733
212,TS_5_4,virus-like-particle,67.2259,303.96500000000003,71.1322
213,TS_5_4,virus-like-particle,262.0699,374.1685,86.58970000000001
214,TS_5_4,virus-like-particle,263.6539,421.49799999999993,96.541
215,TS_5_4,virus-like-particle,313.7396,357.246,37.291399999999996
216,TS_5_4,virus-like-particle,329.4133,302.7464,67.40700000000001
217,TS_5_4,virus-like-particle,299.7686,494.8218,116.9375
218,TS_5_4,virus-like-particle,343.5851,617.7823999999999,101.6473
219,TS_5_4,ribosome,460.1271,60.1066,60.093399999999995
220,TS_5_4,ribosome,480.3789,45.542500000000004,51.401599999999995
221,TS_5_4,ribosome,471.54359999999997,82.5374,80.2166
222,TS_5_4,ribosome,500.3275,78.2745,80.248
223,TS_5_4,ribosome,71.04589999999999,381.5845,140.5435
224,TS_5_4,ribosome,242.18519999999998,114.16369999999999,66.319
225,TS_5_4,ribosome,69.164,89.73830000000001,28.835
226,TS_5_4,ribosome,94.8219,215.52939999999998,37.213
227,TS_5_4,ribosome,191.0761,75.5539,105.22409999999999
228,TS_5_4,ribosome,161.0634,23.2123,106.846
229,TS_5_4,ribosome,421.7488,419.2518,94.18390000000001
230,TS_5_4,ribosome,472.51930000000004,409.0105,111.0456
231,TS_5_4,ribosome,254.5405,306.9551,111.9704
232,TS_5_4,ribosome,409.1497,215.9453,87.4047
233,TS_5_4,ribosome,398.6554,188.5673,74.4371
234,TS_5_4,ribosome,382.21439999999996,188.3156,100.0826
235,TS_5_4,ribosome,280.3199,270.11060000000003,33.609899999999996
236,TS_5_4,ribosome,318.9676,256.5629,30.6801
237,TS_5_4,ribosome,352.65189999999996,231.7862,105.9979
238,TS_5_4,ribosome,463.20910000000003,299.0234,24.413800000000002
239,TS_5_4,ribosome,462.0799,280.216,51.342999999999996
240,TS_5_4,ribosome,480.96729999999997,292.5589,73.0053
241,TS_5_4,ribosome,507.29089999999997,290.2993,76.3206
242,TS_5_4,ribosome,479.0666,251.7002,48.943599999999996
243,TS_5_4,ribosome,480.56329999999997,261.9184,87.4657
244,TS_5_4,ribosome,505.698,253.24349999999998,87.7002
245,TS_5_4,ribosome,339.7301,466.0778,130.92860000000002
246,TS_5_4,ribosome,284.3556,615.071,81.8754
247,TS_5_4,ribosome,419.53909999999996,396.1637,86.6076
248,TS_5_4,ribosome,414.2395,220.50300000000001,112.64000000000001
249,TS_5_4,ribosome,435.60209999999995,394.54540000000003,115.6437
250,TS_5_4,beta-amylase,541.7091,112.0574,56.752700000000004
251,TS_5_4,beta-amylase,434.0,122.0,36.5
252,TS_5_4,beta-amylase,490.8973,174.5891,27.9668
253,TS_5_4,beta-amylase,515.3199999999999,459.52,42.08
254,TS_5_4,beta-amylase,150.0,421.2222,101.6667
255,TS_5_4,beta-amylase,106.816,362.0736,103.31289999999998
256,TS_5_4,beta-amylase,102.51849999999999,215.3333,121.5556
257,TS_5_4,beta-amylase,175.0,264.875,88.125
258,TS_5_4,beta-amylase,260.9328,251.3109,113.1555
259,TS_5_4,beta-amylase,363.4655,322.66909999999996,128.0655
260,TS_5_4,thyroglobulin,452.7706,22.1468,27.9908
261,TS_5_4,thyroglobulin,545.8275,374.34180000000003,33.207499999999996
262,TS_5_4,thyroglobulin,508.62659999999994,537.8977,41.1051
263,TS_5_4,thyroglobulin,209.12420000000003,48.9208,43.3742
264,TS_5_4,thyroglobulin,433.86440000000005,182.2464,45.5595
265,TS_5_4,thyroglobulin,131.0154,451.3909,44.2042
266,TS_5_4,thyroglobulin,158.5642,332.60479999999995,51.748599999999996
267,TS_5_4,thyroglobulin,229.30970000000002,186.988,55.5296
268,TS_5_4,thyroglobulin,346.9929,375.349,78.2101
269,TS_5_4,thyroglobulin,243.95300000000003,319.98490000000004,79.7353
270,TS_5_4,thyroglobulin,308.82959999999997,234.95479999999998,83.911
271,TS_5_4,thyroglobulin,75.67859999999999,330.7765,92.3717
272,TS_5_4,thyroglobulin,309.56280000000004,584.3591,94.7596
273,TS_5_4,thyroglobulin,227.3228,149.29829999999998,94.9712
274,TS_5_4,thyroglobulin,512.1456000000001,546.8983000000001,100.5202
275,TS_5_4,thyroglobulin,47.439800000000005,309.1932,107.6289
276,TS_5_4,thyroglobulin,154.1559,580.8044,137.9853
277,TS_5_4,thyroglobulin,44.1346,226.66350000000003,83.5865
278,TS_5_4,thyroglobulin,87.375,208.6875,105.53119999999998
279,TS_5_4,thyroglobulin,240.5172,602.5,56.3966
280,TS_5_4,thyroglobulin,199.0,579.0,87.0
281,TS_5_4,thyroglobulin,308.7172,527.4276,70.0759
282,TS_5_4,thyroglobulin,291.78049999999996,395.8293,73.0732
283,TS_5_4,thyroglobulin,341.9647,283.0627,45.9333
284,TS_5_4,thyroglobulin,509.0,57.34779999999999,12.217400000000001
285,TS_5_4,thyroglobulin,217.5491,310.0549,45.2861
286,TS_5_4,thyroglobulin,233.50680000000003,495.7432,70.3716
287,TS_5_4,thyroglobulin,275.2287,576.0573999999999,88.1249
288,TS_5_4,thyroglobulin,261.3583,225.32080000000002,88.4042
289,TS_5_4,thyroglobulin,53.4129,166.6452,103.8
290,TS_5_4,beta-galactosidase,195.9181,70.1502,37.1229
291,TS_5_4,beta-galactosidase,213.5713,445.91949999999997,93.6655
292,TS_5_4,beta-galactosidase,344.9782,505.293,51.1041
293,TS_5_4,beta-galactosidase,462.3597,365.2095,116.16600000000001
294,TS_5_4,beta-galactosidase,139.0238,412.16670000000005,57.0595
295,TS_5_4,beta-galactosidase,131.7617,229.21280000000002,108.9064
296,TS_5_4,beta-galactosidase,354.0625,185.125,5.0
297,TS_5_4,beta-galactosidase,542.1650999999999,115.8868,56.330200000000005
298,TS_5_4,beta-galactosidase,513.2863,459.46580000000006,43.641000000000005
299,TS_5_4,beta-galactosidase,45.5241,283.8414,62.3402
300,TS_5_4,beta-galactosidase,76.6848,145.2913,70.0413
301,TS_5_4,beta-galactosidase,404.8927,522.0881,124.954
302,TS_5_4,apo-ferritin,46.8514,591.5906,60.416700000000006
303,TS_5_4,apo-ferritin,567.4694000000001,111.4354,56.5068
304,TS_5_4,apo-ferritin,574.4509,104.91720000000001,65.3712
305,TS_5_4,apo-ferritin,588.0769,112.53479999999999,57.955999999999996
306,TS_5_4,apo-ferritin,466.16670000000005,126.9497,81.0409
307,TS_5_4,apo-ferritin,459.34979999999996,119.5874,87.7982
308,TS_5_4,apo-ferritin,456.97349999999994,124.9967,73.5033
309,TS_5_4,apo-ferritin,452.47259999999994,135.9207,76.34450000000001
310,TS_5_4,apo-ferritin,107.2449,296.3265,38.4014
311,TS_5_4,apo-ferritin,106.8182,302.4848,51.5628
312,TS_5_4,apo-ferritin,99.5294,302.9412,40.7899
313,TS_5_4,apo-ferritin,96.9749,308.6695,55.795
314,TS_5_4,apo-ferritin,108.828,311.51599999999996,60.98
315,TS_5_4,apo-ferritin,113.0,313.0,79.5
316,TS_5_4,apo-ferritin,89.1818,297.7273,51.0606
317,TS_5_4,apo-ferritin,92.4121,321.07669999999996,73.6134
318,TS_5_4,apo-ferritin,166.3767,331.1767,105.17
319,TS_5_4,apo-ferritin,587.0268,513.1104,7.632099999999999
320,TS_5_4,apo-ferritin,480.7948,494.90299999999996,103.9478
321,TS_5_4,apo-ferritin,483.7967,504.93500000000006,103.00809999999998
322,TS_5_4,apo-ferritin,471.4452,506.4976,107.72380000000001
323,TS_5_4,apo-ferritin,506.245,508.29470000000003,120.5927
324,TS_5_4,apo-ferritin,482.93919999999997,447.3384,20.8707
325,TS_5_4,apo-ferritin,368.4954,453.79200000000003,63.923500000000004
326,TS_5_4,apo-ferritin,373.8736,412.49440000000004,118.2974
327,TS_5_4,apo-ferritin,268.213,363.0154,64.2963
328,TS_5_4,apo-ferritin,280.1725,163.04149999999998,20.447300000000002
329,TS_5_4,apo-ferritin,250.41199999999998,231.18519999999998,26.7454
330,TS_5_4,apo-ferritin,249.9282,219.7394,29.898899999999998
331,TS_5_4,apo-ferritin,262.6828,229.5534,25.433699999999998
332,TS_5_4,apo-ferritin,255.2162,271.1815,41.6023
333,TS_5_4,apo-ferritin,60.9824,442.14790000000005,67.838
334,TS_5_4,apo-ferritin,52.1952,427.5286,65.0429
335,TS_5_4,apo-ferritin,61.2529,427.1092,49.4828
336,TS_5_4,apo-ferritin,465.721,513.0872999999999,98.9265
337,TS_5_4,apo-ferritin,115.19179999999999,321.07399999999996,69.6075
338,TS_5_4,apo-ferritin,103.84939999999999,320.1114,69.56620000000001
339,TS_5_4,apo-ferritin,105.984,317.2472,83.6249
340,TS_5_4,apo-ferritin,106.68530000000001,320.74920000000003,58.5938
341,TS_5_4,apo-ferritin,234.0306,228.3227,34.542899999999996
342,TS_5_4,apo-ferritin,234.9924,232.9502,48.5604
343,TS_5_4,apo-ferritin,377.9642,419.80100000000004,129.6612
344,TS_5_4,apo-ferritin,61.179700000000004,439.3753,51.564099999999996
345,TS_5_4,apo-ferritin,55.76649999999999,436.79889999999995,60.575300000000006
346,TS_5_4,apo-ferritin,571.5014,499.82160000000005,11.5143
347,TS_5_4,apo-ferritin,574.8253,511.58459999999997,10.8033
348,TS_86_3,virus-like-particle,15.4098,454.2461,67.1862
349,TS_86_3,virus-like-particle,516.2937,625.0567,78.3617
350,TS_86_3,virus-like-particle,547.8421999999999,566.0856,100.18780000000001
351,TS_86_3,virus-like-particle,602.4374,581.6326,63.05890000000001
352,TS_86_3,virus-like-particle,567.0599,386.1008,45.441199999999995
353,TS_86_3,virus-like-particle,609.7154,336.5906,61.5748
354,TS_86_3,virus-like-particle,562.3064999999999,276.9741,43.2341
355,TS_86_3,virus-like-particle,389.5295,474.3936,72.42920000000001
356,TS_86_3,virus-like-particle,392.1092,415.87,97.22670000000001
357,TS_86_3,virus-like-particle,272.05859999999996,484.09669999999994,105.72970000000001
358,TS_86_3,virus-like-particle,98.4028,88.1454,77.0454
359,TS_86_3,virus-like-particle,79.62530000000001,123.29220000000001,95.65090000000001
360,TS_86_3,virus-like-particle,121.27360000000002,39.6454,91.384
361,TS_86_3,virus-like-particle,123.46369999999999,141.669,75.8009
362,TS_86_3,virus-like-particle,71.32430000000001,330.07550000000003,72.92999999999999
363,TS_86_3,virus-like-particle,44.978699999999996,334.8949,93.6699
364,TS_86_3,virus-like-particle,102.46379999999999,298.31,64.9246
365,TS_86_3,virus-like-particle,64.03150000000001,222.13809999999998,86.8266
366,TS_86_3,virus-like-particle,344.3658,85.8443,60.967600000000004
367,TS_86_3,virus-like-particle,273.3056,38.7938,93.54310000000001
368,TS_86_3,virus-like-particle,399.3256,18.5537,62.5067
369,TS_86_3,virus-like-particle,289.1009,171.7577,75.5086
370,TS_86_3,virus-like-particle,278.5126,236.11860000000001,100.8411
371,TS_86_3,virus-like-particle,463.8201,184.4865,49.1223
372,TS_86_3,virus-like-particle,468.3103,154.6998,89.9626
373,TS_86_3,virus-like-particle,356.317,265.0076,66.0386
374,TS_86_3,virus-like-particle,399.4606,279.75329999999997,83.9291
375,TS_86_3,virus-like-particle,382.9926,212.9623,85.9549
376,TS_86_3,virus-like-particle,190.50619999999998,217.23809999999997,97.8064
377,TS_86_3,ribosome,466.2299,590.7257999999999,94.5084
378,TS_86_3,ribosome,450.4116,575.8297,110.21579999999999
379,TS_86_3,ribosome,446.2021,620.7162000000001,99.9208
380,TS_86_3,ribosome,477.7299,615.6435,106.38489999999999
381,TS_86_3,ribosome,466.6205,521.5513,74.7842
382,TS_86_3,ribosome,443.8999,493.53999999999996,78.827
383,TS_86_3,ribosome,525.2162000000001,429.55730000000005,84.9171
384,TS_86_3,ribosome,568.9451,432.11019999999996,89.3643
385,TS_86_3,ribosome,609.5703000000001,421.8054,56.0215
386,TS_86_3,ribosome,479.88950000000006,442.767,64.416
387,TS_86_3,ribosome,479.0113,416.27889999999996,70.8444
388,TS_86_3,ribosome,432.726,459.4434,56.292899999999996
389,TS_86_3,ribosome,453.02299999999997,436.2667,50.706599999999995
390,TS_86_3,ribosome,468.53779999999995,474.4749,74.7362
391,TS_86_3,ribosome,454.6785,460.3197,100.0327
392,TS_86_3,ribosome,581.5688,591.0474,111.2865
393,TS_86_3,ribosome,355.84630000000004,211.3569,117.9779
394,TS_86_3,ribosome,202.4391,306.3731,96.89320000000001
395,TS_86_3,ribosome,191.7914,290.5379,117.4505
396,TS_86_3,ribosome,164.9253,289.33820000000003,110.0787
397,TS_86_3,ribosome,166.5413,318.1988,108.3413
398,TS_86_3,ribosome,156.3059,602.2909999999999,50.4966
399,TS_86_3,ribosome,121.79,397.2649,108.67190000000001
400,TS_86_3,ribosome,135.2382,435.61220000000003,75.1612
401,TS_86_3,ribosome,121.3789,428.0218,105.0137
402,TS_86_3,ribosome,144.4336,466.30219999999997,104.9317
403,TS_86_3,ribosome,197.4574,464.5358,122.7115
404,TS_86_3,ribosome,176.43099999999998,435.796,108.2894
405,TS_86_3,ribosome,167.78019999999998,468.2915,72.872
406,TS_86_3,ribosome,61.524800000000006,588.4541,96.14869999999999
407,TS_86_3,ribosome,25.3933,584.5176,59.678399999999996
408,TS_86_3,ribosome,23.8655,519.8089,117.5451
409,TS_86_3,ribosome,57.125,491.8854,101.9915
410,TS_86_3,ribosome,53.633799999999994,519.9648,102.5404
411,TS_86_3,ribosome,55.946299999999994,448.04269999999997,111.43710000000002
412,TS_86_3,ribosome,42.0204,423.84790000000004,114.70239999999998
413,TS_86_3,ribosome,9.2928,429.86220000000003,108.9994
414,TS_86_3,ribosome,502.0213,424.48720000000003,79.1973
415,TS_86_3,ribosome,145.2097,511.21099999999996,102.2865
416,TS_86_3,ribosome,443.8741,492.07070000000004,51.564099999999996
417,TS_86_3,ribosome,451.84489999999994,493.7775,103.6288
418,TS_86_3,ribosome,456.5882,434.8095,77.5964
419,TS_86_3,ribosome,557.2189000000001,412.55150000000003,78.5977
420,TS_86_3,ribosome,581.8377,448.0871,85.6064
421,TS_86_3,ribosome,593.8142,434.7523,101.6263
422,TS_86_3,ribosome,541.605,449.9133,85.6064
423,TS_86_3,ribosome,593.1509,410.88509999999997,86.6076
424,TS_86_3,ribosome,195.959,459.1854,90.3764
425,TS_86_3,ribosome,135.8159,489.3146,93.6164
426,TS_86_3,ribosome,128.5497,409.3274,63.259100000000004
427,TS_86_3,ribosome,129.7423,403.6911,86.6076
428,TS_86_3,ribosome,163.3782,437.68149999999997,74.59270000000001
429,TS_86_3,ribosome,61.655899999999995,588.3402,68.5852
430,TS_86_3,ribosome,51.3851,563.986,83.6039
431,TS_86_3,ribosome,434.1534,457.85600000000005,81.6014
432,TS_86_3,beta-amylase,32.0256,548.2051,108.8205
433,TS_86_3,beta-amylase,429.0,229.0,105.0
434,TS_86_3,beta-amylase,426.8588,119.02349999999998,70.6118
435,TS_86_3,beta-amylase,369.3165,151.26579999999998,84.962
436,TS_86_3,beta-amylase,438.41670000000005,44.5833,111.91669999999999
437,TS_86_3,beta-amylase,543.7751000000001,152.7337,82.4201
438,TS_86_3,beta-amylase,550.9412,491.05879999999996,70.1569
439,TS_86_3,beta-amylase,224.7754,37.8116,105.02170000000001
440,TS_86_3,beta-amylase,118.83930000000001,232.77979999999997,69.6845
441,TS_86_3,thyroglobulin,349.1458,196.4375,30.154199999999996
442,TS_86_3,thyroglobulin,105.98949999999999,33.801,46.6754
443,TS_86_3,thyroglobulin,558.3534999999999,505.53729999999996,52.2266
444,TS_86_3,thyroglobulin,375.3362,319.5014,49.7106
445,TS_86_3,thyroglobulin,484.5469,598.4182,51.2044
446,TS_86_3,thyroglobulin,352.8827,607.9586,56.6737
447,TS_86_3,thyroglobulin,452.7884,51.2538,64.3163
448,TS_86_3,thyroglobulin,510.7291,514.7205,65.4024
449,TS_86_3,thyroglobulin,406.25239999999997,553.616,72.4915
450,TS_86_3,thyroglobulin,442.63239999999996,571.7765,73.17240000000001
451,TS_86_3,thyroglobulin,38.1507,33.805099999999996,83.66470000000001
452,TS_86_3,thyroglobulin,418.4942,66.6409,80.9653
453,TS_86_3,thyroglobulin,133.90370000000001,306.8829,80.2446
454,TS_86_3,thyroglobulin,242.02069999999998,14.8637,86.3583
455,TS_86_3,thyroglobulin,454.79139999999995,272.87489999999997,94.96979999999999
456,TS_86_3,thyroglobulin,135.8067,79.814,89.6974
457,TS_86_3,thyroglobulin,503.8553,165.66590000000002,99.3759
458,TS_86_3,thyroglobulin,384.0899,501.13530000000003,97.2844
459,TS_86_3,thyroglobulin,432.5738,38.6706,102.7049
460,TS_86_3,thyroglobulin,308.2518,271.895,108.023
461,TS_86_3,thyroglobulin,185.6208,522.3976,113.5201
462,TS_86_3,thyroglobulin,121.2201,209.1175,124.4156
463,TS_86_3,thyroglobulin,535.3462000000001,534.8654,88.0096
464,TS_86_3,thyroglobulin,243.11759999999998,576.0391999999999,68.3137
465,TS_86_3,thyroglobulin,585.3226,260.6774,18.4839
466,TS_86_3,thyroglobulin,313.1439,163.1365,128.5867
467,TS_86_3,thyroglobulin,484.3009,183.8761,102.3053
468,TS_86_3,thyroglobulin,347.22220000000004,32.5556,84.5556
469,TS_86_3,thyroglobulin,317.0,37.0,94.0
470,TS_86_3,thyroglobulin,204.20340000000002,92.35589999999999,113.03389999999999
471,TS_86_3,thyroglobulin,264.0654,214.0759,73.4476
472,TS_86_3,thyroglobulin,197.95999999999998,205.24,69.28
473,TS_86_3,thyroglobulin,378.2069,358.0345,98.8621
474,TS_86_3,thyroglobulin,39.464299999999994,293.1786,117.6786
475,TS_86_3,thyroglobulin,279.9672,509.2022,40.847
476,TS_86_3,thyroglobulin,464.6594,102.3948,46.7896
477,TS_86_3,thyroglobulin,175.6142,320.748,65.126
478,TS_86_3,thyroglobulin,286.01959999999997,295.0392,60.9216
479,TS_86_3,thyroglobulin,154.4041,348.3215,69.0914
480,TS_86_3,thyroglobulin,590.104,60.0347,76.1965
481,TS_86_3,thyroglobulin,490.4507,219.9128,87.5641
482,TS_86_3,thyroglobulin,333.3953,308.2093,90.52329999999999
483,TS_86_3,thyroglobulin,392.375,579.0,95.25
484,TS_86_3,thyroglobulin,384.06010000000003,187.309,97.0687
485,TS_86_3,thyroglobulin,516.4483,212.6724,100.46549999999999
486,TS_86_3,beta-galactosidase,34.834199999999996,336.8995,52.0
487,TS_86_3,beta-galactosidase,311.15590000000003,140.4395,59.7264
488,TS_86_3,beta-galactosidase,512.8266,493.22290000000004,58.551199999999994
489,TS_86_3,beta-galactosidase,398.4278,42.3056,72.5944
490,TS_86_3,beta-galactosidase,276.3251,303.8958,85.5062
491,TS_86_3,beta-galactosidase,407.383,359.9172,107.0207
492,TS_86_3,beta-galactosidase,446.3183,168.1903,109.654
493,TS_86_3,beta-galactosidase,130.4049,296.4441,118.09280000000001
494,TS_86_3,beta-galactosidase,569.5681999999999,83.1818,82.7273
495,TS_86_3,beta-galactosidase,236.9583,580.5208,94.9167
496,TS_86_3,beta-galactosidase,180.8132,598.2125,100.652
497,TS_86_3,beta-galactosidase,154.9167,394.64369999999997,57.4713
498,TS_86_3,beta-galactosidase,491.3909,219.7738,87.8413
499,TS_86_3,beta-galactosidase,56.5,104.41479999999999,103.2481
500,TS_86_3,beta-galactosidase,190.88330000000002,22.9833,94.8167
501,TS_86_3,beta-galactosidase,247.459,405.51640000000003,48.8224
502,TS_86_3,beta-galactosidase,408.502,168.9352,64.4332
503,TS_86_3,beta-galactosidase,251.1429,48.0,80.7619
504,TS_86_3,beta-galactosidase,445.0,135.6667,87.6667
505,TS_86_3,beta-galactosidase,200.0686,123.208,92.34729999999999
506,TS_86_3,beta-galactosidase,355.29200000000003,397.3993,103.4795
507,TS_86_3,beta-galactosidase,502.1325,394.4498,108.0
508,TS_86_3,beta-galactosidase,274.5385,87.286,104.4339
509,TS_86_3,apo-ferritin,387.0343,495.27139999999997,126.16
510,TS_86_3,apo-ferritin,413.0897,542.2292,50.186
511,TS_86_3,apo-ferritin,273.5,466.8447,52.02910000000001
512,TS_86_3,apo-ferritin,264.9615,469.06149999999997,60.0923
513,TS_86_3,apo-ferritin,266.5353,481.06409999999994,61.2019
514,TS_86_3,apo-ferritin,295.7522,463.003,48.9701
515,TS_86_3,apo-ferritin,292.0264,471.8238,65.9559
516,TS_86_3,apo-ferritin,299.6667,473.0,43.6667
517,TS_86_3,apo-ferritin,295.7199,484.53190000000006,39.4858
518,TS_86_3,apo-ferritin,285.8555,451.5665,52.369899999999994
519,TS_86_3,apo-ferritin,280.2396,446.4345,93.7859
520,TS_86_3,apo-ferritin,363.6645,570.2839,64.64189999999999
521,TS_86_3,apo-ferritin,34.9225,438.7254,63.96130000000001
522,TS_86_3,apo-ferritin,142.1215,483.75699999999995,47.3209
523,TS_86_3,apo-ferritin,151.6687,488.4498,53.01219999999999
524,TS_86_3,apo-ferritin,134.4405,501.6071,46.4077
525,TS_86_3,apo-ferritin,161.5455,522.4058,41.8604
526,TS_86_3,apo-ferritin,152.9628,530.2061,44.2027
527,TS_86_3,apo-ferritin,174.4252,512.1395,46.2245
528,TS_86_3,apo-ferritin,128.9961,441.98069999999996,49.8842
529,TS_86_3,apo-ferritin,36.8896,530.4784999999999,61.1472
530,TS_86_3,apo-ferritin,34.941500000000005,540.4185,66.3938
531,TS_86_3,apo-ferritin,73.713,565.7546,45.1944
532,TS_86_3,apo-ferritin,115.23150000000001,575.9259,46.3056
533,TS_86_3,apo-ferritin,122.3792,573.8917,53.6083
534,TS_86_3,apo-ferritin,111.1487,584.8885,50.3234
535,TS_86_3,apo-ferritin,202.4386,243.0912,92.8211
536,TS_86_3,apo-ferritin,188.50830000000002,245.1761,89.90700000000001
537,TS_86_3,apo-ferritin,163.5436,205.27849999999998,70.2483
538,TS_86_3,apo-ferritin,76.4053,300.9015,78.01140000000001
539,TS_86_3,apo-ferritin,80.5603,296.3582,86.79429999999999
540,TS_86_3,apo-ferritin,81.2748,56.2691,57.4079
541,TS_86_3,apo-ferritin,239.80169999999998,113.6609,111.5057
542,TS_86_3,apo-ferritin,233.97469999999998,124.0886,113.20570000000001
543,TS_86_3,apo-ferritin,242.3333,137.3903,109.9801
544,TS_86_3,apo-ferritin,188.27370000000002,123.8321,127.9672
545,TS_86_3,apo-ferritin,288.67269999999996,66.2649,51.532500000000006
546,TS_86_3,apo-ferritin,324.3811,18.9939,120.47560000000001
547,TS_86_3,apo-ferritin,563.2418,483.2451,85.2157
548,TS_86_3,apo-ferritin,557.134,488.00690000000003,92.3814
549,TS_86_3,apo-ferritin,578.6293,511.6573,85.8037
550,TS_86_3,apo-ferritin,577.5152,499.5212,87.8485
551,TS_86_3,apo-ferritin,433.53000000000003,351.73670000000004,122.41
552,TS_86_3,apo-ferritin,476.5574,62.1401,78.0112
553,TS_86_3,apo-ferritin,472.84620000000007,59.7308,96.4615
554,TS_86_3,apo-ferritin,478.41360000000003,55.539,85.3254
555,TS_86_3,apo-ferritin,302.8839,286.1645,44.429
556,TS_86_3,apo-ferritin,309.80859999999996,317.0695,114.6425
557,TS_86_3,apo-ferritin,319.28020000000004,324.7743,114.6425
558,TS_86_3,apo-ferritin,312.3334,315.7011,126.65740000000001
559,TS_86_3,apo-ferritin,319.758,552.5735,129.6612
560,TS_86_3,apo-ferritin,191.278,385.0979,123.6537
561,TS_86_3,apo-ferritin,376.0282,495.63,118.6475
562,TS_86_3,apo-ferritin,98.22319999999999,471.4162,47.5591
563,TS_86_3,apo-ferritin,99.6927,448.94870000000003,47.5591
564,TS_86_3,apo-ferritin,74.59020000000001,401.8275,61.576499999999996
565,TS_86_3,apo-ferritin,37.519600000000004,421.17269999999996,61.576499999999996
566,TS_86_3,apo-ferritin,25.859199999999998,418.35150000000004,64.5803
567,TS_86_3,apo-ferritin,208.48690000000002,522.0131,43.5541
568,TS_86_3,apo-ferritin,71.8028,409.4611,56.570299999999996
569,TS_86_3,apo-ferritin,45.7252,413.712,50.562799999999996
570,TS_86_3,apo-ferritin,136.1928,570.3278,43.5541
571,TS_86_3,apo-ferritin,111.2671,594.3359,45.556599999999996
572,TS_86_3,apo-ferritin,6.9928,536.2529999999999,55.569100000000006
573,TS_6_4,virus-like-particle,91.12899999999999,563.8402,67.12100000000001
574,TS_6_4,virus-like-particle,12.2332,562.7746,106.63669999999999
575,TS_6_4,virus-like-particle,145.2865,479.5545,111.6066
576,TS_6_4,virus-like-particle,558.0108,124.08599999999998,69.2222
577,TS_6_4,virus-like-particle,476.558,346.9964,68.9813
578,TS_6_4,virus-like-particle,508.87039999999996,412.09229999999997,98.1513
579,TS_6_4,virus-like-particle,426.8076,281.4277,81.5446
580,TS_6_4,virus-like-particle,521.1319000000001,576.6513,87.7832
581,TS_6_4,virus-like-particle,450.957,513.9077,116.19500000000001
582,TS_6_4,virus-like-particle,604.5947,234.0359,74.59270000000001
583,TS_6_4,ribosome,527.4903,528.8121,61.9798
584,TS_6_4,ribosome,549.3057,518.1127,72.6624
585,TS_6_4,ribosome,565.6951,516.8655,42.1572
586,TS_6_4,ribosome,555.9323999999999,542.6553,55.6878
587,TS_6_4,ribosome,531.2439,496.4156,60.2574
588,TS_6_4,ribosome,513.0837,512.1036,63.1702
589,TS_6_4,ribosome,545.3082999999999,469.6154,50.422399999999996
590,TS_6_4,ribosome,563.5854999999999,480.3903,70.6456
591,TS_6_4,ribosome,510.68379999999996,483.5263,61.9225
592,TS_6_4,ribosome,573.444,554.7349,126.54549999999999
593,TS_6_4,ribosome,557.1792,579.0483,129.6079
594,TS_6_4,ribosome,28.5661,479.1067,77.9819
595,TS_6_4,ribosome,22.9331,431.6582,69.03869999999999
596,TS_6_4,ribosome,23.2042,443.2901,113.5128
597,TS_6_4,ribosome,34.8532,457.0763,71.73010000000001
598,TS_6_4,ribosome,9.734,466.1182,114.4298
599,TS_6_4,ribosome,14.393899999999999,502.93469999999996,73.2139
600,TS_6_4,ribosome,127.36479999999999,438.67030000000005,63.1656
601,TS_6_4,ribosome,122.364,418.6768,81.98949999999999
602,TS_6_4,ribosome,123.60340000000001,467.4307,66.8476
603,TS_6_4,ribosome,65.0107,328.2821,114.42940000000002
604,TS_6_4,ribosome,83.0635,353.7878,96.3135
605,TS_6_4,ribosome,90.30850000000001,339.1971,111.85730000000001
606,TS_6_4,ribosome,63.0784,362.2607,117.1482
607,TS_6_4,ribosome,44.0984,386.6177,64.3857
608,TS_6_4,ribosome,58.356500000000004,405.1159,82.8723
609,TS_6_4,ribosome,75.9417,429.56229999999994,73.4899
610,TS_6_4,ribosome,89.85499999999999,414.1046,88.39959999999999
611,TS_6_4,ribosome,86.8611,389.3736,74.39160000000001
612,TS_6_4,ribosome,80.2156,462.5141,70.8375
613,TS_6_4,ribosome,32.6143,353.78229999999996,93.7014
614,TS_6_4,ribosome,150.4444,327.52139999999997,125.70630000000001
615,TS_6_4,ribosome,264.4576,443.1906,99.0296
616,TS_6_4,ribosome,244.42579999999998,456.76899999999995,114.11420000000001
617,TS_6_4,ribosome,246.8644,410.1445,111.58989999999999
618,TS_6_4,ribosome,307.808,607.2239,100.9897
619,TS_6_4,ribosome,301.5779,594.3612,128.103
620,TS_6_4,ribosome,370.2491,559.693,133.6535
621,TS_6_4,ribosome,199.7267,141.11939999999998,114.958
622,TS_6_4,ribosome,88.4666,213.7612,88.0833
623,TS_6_4,ribosome,66.3969,231.6198,120.35719999999999
624,TS_6_4,ribosome,91.4745,243.12550000000002,126.881
625,TS_6_4,ribosome,39.406099999999995,65.8244,75.0429
626,TS_6_4,ribosome,92.19160000000001,27.8031,59.7735
627,TS_6_4,ribosome,100.4534,8.660599999999999,52.4534
628,TS_6_4,ribosome,128.4212,41.2471,73.7595
629,TS_6_4,ribosome,137.0425,53.4452,92.029
630,TS_6_4,ribosome,61.9064,85.0866,35.812599999999996
631,TS_6_4,ribosome,101.5725,64.0198,62.238699999999994
632,TS_6_4,ribosome,89.6557,96.7706,58.8803
633,TS_6_4,ribosome,101.7985,99.096,79.88640000000001
634,TS_6_4,ribosome,89.8732,75.9425,104.0914
635,TS_6_4,ribosome,186.0317,36.5754,33.6113
636,TS_6_4,ribosome,168.9471,12.333,41.0727
637,TS_6_4,ribosome,88.6465,136.399,116.4549
638,TS_6_4,ribosome,500.7198,289.3632,99.8903
639,TS_6_4,ribosome,484.7396,261.8105,90.8936
640,TS_6_4,ribosome,531.8939,213.9613,82.439
641,TS_6_4,ribosome,518.669,232.57779999999997,97.77380000000001
642,TS_6_4,ribosome,489.10540000000003,196.9255,83.9404
643,TS_6_4,ribosome,470.03720000000004,211.1558,105.16130000000001
644,TS_6_4,ribosome,458.56809999999996,183.9145,108.95160000000001
645,TS_6_4,ribosome,454.56899999999996,153.8897,42.5389
646,TS_6_4,ribosome,457.6092,152.0016,100.9884
647,TS_6_4,ribosome,465.4602,119.7481,80.634
648,TS_6_4,ribosome,292.60929999999996,272.1038,95.5726
649,TS_6_4,ribosome,292.84119999999996,219.45610000000002,105.1608
650,TS_6_4,ribosome,293.0904,185.76780000000002,108.1158
651,TS_6_4,ribosome,297.12669999999997,12.764199999999999,53.4313
652,TS_6_4,ribosome,309.8923,294.1184,83.6926
653,TS_6_4,ribosome,329.4228,609.0415,132.6649
654,TS_6_4,ribosome,573.6406,603.4086,117.6462
655,TS_6_4,ribosome,50.3142,39.3241,48.5604
656,TS_6_4,ribosome,533.684,276.68780000000004,94.61760000000001
657,TS_6_4,beta-amylase,480.66670000000005,98.0,21.1111
658,TS_6_4,beta-amylase,240.59,205.8159,76.28869999999999
659,TS_6_4,beta-amylase,148.99280000000002,164.529,79.7246
660,TS_6_4,beta-amylase,440.09889999999996,535.8575,75.1563
661,TS_6_4,beta-amylase,379.175,456.09170000000006,81.1
662,TS_6_4,beta-amylase,349.54769999999996,470.42150000000004,90.1938
663,TS_6_4,beta-amylase,387.6774,506.03869999999995,148.4194
664,TS_6_4,beta-amylase,450.1951,429.01390000000004,107.4704
665,TS_6_4,beta-amylase,131.8542,504.54170000000005,113.6875
666,TS_6_4,thyroglobulin,525.1785,209.04520000000002,49.0516
667,TS_6_4,thyroglobulin,570.4207,205.9378,48.1002
668,TS_6_4,thyroglobulin,592.6681,178.7182,49.6498
669,TS_6_4,thyroglobulin,496.76480000000004,224.9978,52.2505
670,TS_6_4,thyroglobulin,124.29190000000001,146.4644,58.135299999999994
671,TS_6_4,thyroglobulin,354.7616,477.0646,59.5253
672,TS_6_4,thyroglobulin,475.60110000000003,444.70410000000004,58.1386
673,TS_6_4,thyroglobulin,389.95619999999997,520.6682,62.479499999999994
674,TS_6_4,thyroglobulin,481.88230000000004,595.3736,66.7288
675,TS_6_4,thyroglobulin,91.0287,280.6175,72.98819999999999
676,TS_6_4,thyroglobulin,430.56980000000004,316.8196,75.7859
677,TS_6_4,thyroglobulin,244.76039999999998,307.9107,79.17229999999999
678,TS_6_4,thyroglobulin,323.87739999999997,483.2551,92.9867
679,TS_6_4,thyroglobulin,31.6535,180.7724,108.9125
680,TS_6_4,thyroglobulin,202.27460000000002,481.5141,105.4014
681,TS_6_4,thyroglobulin,606.0,559.0,15.0
682,TS_6_4,thyroglobulin,147.97729999999999,251.7727,42.4545
683,TS_6_4,thyroglobulin,177.0114,209.5398,71.392
684,TS_6_4,thyroglobulin,173.2632,284.15790000000004,106.90429999999999
685,TS_6_4,thyroglobulin,86.7222,150.3333,65.8333
686,TS_6_4,thyroglobulin,166.875,115.0,75.875
687,TS_6_4,thyroglobulin,199.0417,572.1667,85.8333
688,TS_6_4,thyroglobulin,261.38890000000004,331.0,72.7778
689,TS_6_4,thyroglobulin,603.5196,363.5735,117.5735
690,TS_6_4,thyroglobulin,405.6946,338.62559999999996,43.226600000000005
691,TS_6_4,thyroglobulin,375.3041,516.8249,104.81569999999999
692,TS_6_4,thyroglobulin,600.0663,194.3878,94.852
693,TS_6_4,thyroglobulin,355.3393,212.9821,56.1696
694,TS_6_4,thyroglobulin,449.0,433.0,74.75
695,TS_6_4,thyroglobulin,578.5405,414.2342,100.277
696,TS_6_4,beta-galactosidase,80.4615,197.7846,48.9385
697,TS_6_4,beta-galactosidase,213.4942,364.70230000000004,65.7082
698,TS_6_4,beta-galactosidase,536.1881000000001,547.2376,103.2772
699,TS_6_4,beta-galactosidase,413.0,371.6667,46.5
700,TS_6_4,beta-galactosidase,307.25,461.0,109.0
701,TS_6_4,beta-galactosidase,215.16260000000003,467.4959,118.93499999999999
702,TS_6_4,beta-galactosidase,236.7485,519.681,58.7178
703,TS_6_4,beta-galactosidase,268.0,241.54760000000002,98.2381
704,TS_6_4,beta-galactosidase,25.0577,162.1923,85.0962
705,TS_6_4,beta-galactosidase,132.2147,272.0516,95.2283
706,TS_6_4,beta-galactosidase,151.491,164.2699,82.1722
707,TS_6_4,beta-galactosidase,448.36440000000005,457.0968,108.93130000000001
708,TS_6_4,apo-ferritin,61.650999999999996,288.0471,129.4039
709,TS_6_4,apo-ferritin,109.90329999999999,182.0423,37.1571
710,TS_6_4,apo-ferritin,101.98310000000001,185.98309999999998,40.0424
711,TS_6_4,apo-ferritin,95.9708,170.8149,60.603899999999996
712,TS_6_4,apo-ferritin,101.0329,175.8816,71.852
713,TS_6_4,apo-ferritin,611.6310000000001,260.9963,52.8155
714,TS_6_4,apo-ferritin,76.1116,490.1459,102.51500000000001
715,TS_6_4,apo-ferritin,96.9876,475.7709,108.5418
716,TS_6_4,apo-ferritin,164.8828,476.0276,99.77590000000001
717,TS_6_4,apo-ferritin,498.43729999999994,565.5125,99.3835
718,TS_6_4,apo-ferritin,432.0826,555.6391,69.4862
719,TS_6_4,apo-ferritin,368.3627,517.5881999999999,81.3922
720,TS_6_4,apo-ferritin,344.8962,524.4962,86.1423
721,TS_6_4,apo-ferritin,421.59170000000006,482.15919999999994,104.6194
722,TS_6_4,apo-ferritin,209.4233,323.589,95.3497
723,TS_6_4,apo-ferritin,479.30690000000004,345.7834,110.2852
724,TS_6_4,apo-ferritin,480.4171,344.02840000000003,120.891
725,TS_6_4,apo-ferritin,455.054,214.74920000000003,21.8857
726,TS_6_4,apo-ferritin,449.50600000000003,205.29760000000002,29.6726
727,TS_6_4,apo-ferritin,447.1074,213.15770000000003,38.345600000000005
728,TS_6_4,apo-ferritin,412.69629999999995,193.30630000000002,19.096899999999998
729,TS_6_4,apo-ferritin,357.6426,261.24899999999997,30.485899999999997
730,TS_6_4,apo-ferritin,363.4286,243.1136,57.2418
731,TS_6_4,apo-ferritin,353.48539999999997,240.7485,42.5439
732,TS_6_4,apo-ferritin,409.4142,256.7337,29.5148
733,TS_6_4,apo-ferritin,411.4734,244.60949999999997,33.153800000000004
734,TS_6_4,apo-ferritin,389.4125,245.6271,25.8185
735,TS_6_4,apo-ferritin,375.2045,250.517,41.198899999999995
736,TS_6_4,apo-ferritin,372.93600000000004,256.6163,51.7093
737,TS_6_4,apo-ferritin,383.6309,267.3691,47.4128
738,TS_6_4,apo-ferritin,384.64639999999997,257.0493,54.5246
739,TS_6_4,apo-ferritin,394.2417,266.0695,41.3609
740,TS_6_4,apo-ferritin,396.50419999999997,259.1765,57.437
741,TS_6_4,apo-ferritin,406.7936,260.9929,62.0107
742,TS_6_4,apo-ferritin,400.957,294.7043,41.263400000000004
743,TS_6_4,apo-ferritin,409.54229999999995,288.54229999999995,46.9801
744,TS_6_4,apo-ferritin,403.7127,289.91790000000003,28.0336
745,TS_6_4,apo-ferritin,411.5619,281.7426,33.2054
746,TS_6_4,apo-ferritin,403.6695,277.38980000000004,49.025400000000005
747,TS_6_4,apo-ferritin,413.245,271.21500000000003,54.135000000000005
748,TS_6_4,apo-ferritin,391.3495,280.3827,49.4974
749,TS_6_4,apo-ferritin,421.15829999999994,307.7606,52.046299999999995
750,TS_6_4,apo-ferritin,412.04040000000003,312.8081,58.242399999999996
751,TS_6_4,apo-ferritin,435.61980000000005,283.4341,29.8892
752,TS_6_4,apo-ferritin,428.29319999999996,291.3759,31.819499999999998
753,TS_6_4,apo-ferritin,424.37780000000004,298.5682,42.0398
754,TS_6_4,apo-ferritin,417.2383,295.5235,62.6173
755,TS_6_4,apo-ferritin,405.4277,302.5843,54.747
756,TS_6_4,apo-ferritin,407.09270000000004,254.1192,93.5695
757,TS_6_4,apo-ferritin,335.72950000000003,207.4139,22.5328
758,TS_6_4,apo-ferritin,215.30900000000003,84.6979,25.2847
759,TS_6_4,apo-ferritin,359.6958,259.30129999999997,41.5516
760,TS_6_4,apo-ferritin,348.6946,261.6549,41.5516
761,TS_6_4,apo-ferritin,363.1179,249.6627,41.5516
762,TS_6_4,apo-ferritin,77.6293,489.3666,119.6487
763,TS_6_4,apo-ferritin,94.0013,488.2972,104.63
764,TS_6_4,apo-ferritin,84.354,484.10209999999995,111.63879999999999
765,TS_6_4,apo-ferritin,232.6455,582.1083,91.7063
766,TS_73_6,virus-like-particle,302.3031,609.8949,54.2343
767,TS_73_6,virus-like-particle,213.35129999999998,554.4091999999999,83.9866
768,TS_73_6,virus-like-particle,517.5693,120.6756,21.5022
769,TS_73_6,virus-like-particle,484.91369999999995,66.6384,41.2947
770,TS_73_6,virus-like-particle,616.1707,265.1433,46.5402
771,TS_73_6,virus-like-particle,604.2997,330.6628,71.3333
772,TS_73_6,virus-like-particle,565.4073999999999,294.2728,6.1945
773,TS_73_6,virus-like-particle,601.3231,187.1433,68.0048
774,TS_73_6,virus-like-particle,283.6001,45.519999999999996,27.5173
775,TS_73_6,virus-like-particle,248.2763,29.583999999999996,69.0206
776,TS_73_6,virus-like-particle,353.0063,77.1996,41.3662
777,TS_73_6,virus-like-particle,268.7924,272.5328,63.2393
778,TS_73_6,virus-like-particle,278.26529999999997,181.9135,101.9265
779,TS_73_6,virus-like-particle,100.27799999999999,297.2855,70.0217
780,TS_73_6,virus-like-particle,67.9125,277.0252,85.5
781,TS_73_6,virus-like-particle,137.9817,270.233,78.3111
782,TS_73_6,virus-like-particle,98.5214,213.3973,59.8405
783,TS_73_6,virus-like-particle,143.6036,136.8571,98.9781
784,TS_73_6,virus-like-particle,163.6918,379.8904,100.6075
785,TS_73_6,virus-like-particle,329.8877,456.0393,51.564099999999996
786,TS_73_6,virus-like-particle,309.31129999999996,472.9102,64.5803
787,TS_73_6,virus-like-particle,334.32730000000004,472.2883,73.5915
788,TS_73_6,ribosome,581.221,95.4718,13.4827
789,TS_73_6,ribosome,559.8248,89.06649999999999,23.0051
790,TS_73_6,ribosome,586.9463,48.8783,28.5901
791,TS_73_6,ribosome,585.0904,57.5293,73.5879
792,TS_73_6,ribosome,594.0845,73.6687,11.429300000000001
793,TS_73_6,ribosome,560.0385,58.4159,36.1892
794,TS_73_6,ribosome,575.545,229.4051,66.76950000000001
795,TS_73_6,ribosome,604.5567,243.05970000000002,71.56230000000001
796,TS_73_6,ribosome,592.3824999999999,264.7136,88.06620000000001
797,TS_73_6,ribosome,561.2529999999999,250.4846,75.7101
798,TS_73_6,ribosome,297.50419999999997,563.7426,108.6291
799,TS_73_6,ribosome,278.3415,573.1957,91.7101
800,TS_73_6,ribosome,306.7628,586.1795,97.77380000000001
801,TS_73_6,ribosome,606.7043,389.928,95.3521
802,TS_73_6,ribosome,422.7966,440.8917,103.3563
803,TS_73_6,ribosome,412.4483,414.26149999999996,114.84580000000001
804,TS_73_6,ribosome,388.0999,355.2474,100.3724
805,TS_73_6,ribosome,459.5975,341.3592,109.5442
806,TS_73_6,ribosome,249.2225,430.45110000000005,73.59790000000001
807,TS_73_6,ribosome,214.17739999999998,438.5963,84.6593
808,TS_73_6,ribosome,231.64499999999998,439.1133,106.6221
809,TS_73_6,ribosome,228.22109999999998,417.06419999999997,80.7039
810,TS_73_6,ribosome,215.5564,459.9751,122.602
811,TS_73_6,ribosome,184.5342,453.0955,85.6591
812,TS_73_6,ribosome,169.8475,446.7553,131.0344
813,TS_73_6,ribosome,296.3526,411.5076,94.77720000000001
814,TS_73_6,ribosome,323.04110000000003,392.40500000000003,90.3202
815,TS_73_6,ribosome,350.1536,376.9701,121.18800000000002
816,TS_73_6,ribosome,413.66790000000003,118.5915,79.31989999999999
817,TS_73_6,ribosome,424.4615,146.12560000000002,91.7947
818,TS_73_6,ribosome,440.1817,100.2721,83.5005
819,TS_73_6,ribosome,389.8451,161.4824,100.8257
820,TS_73_6,ribosome,350.6524,179.28109999999998,103.62989999999999
821,TS_73_6,ribosome,305.6445,217.47469999999998,103.6756
822,TS_73_6,ribosome,225.9,122.4141,71.5852
823,TS_73_6,ribosome,231.1395,112.9953,42.308499999999995
824,TS_73_6,ribosome,265.2943,104.8475,88.32759999999999
825,TS_73_6,ribosome,243.5147,92.161,104.92070000000001
826,TS_73_6,ribosome,267.7436,86.8552,34.2294
827,TS_73_6,ribosome,258.7987,125.33279999999999,77.187
828,TS_73_6,ribosome,221.4444,255.63850000000002,118.7927
829,TS_73_6,ribosome,221.31170000000003,291.8397,125.25630000000001
830,TS_73_6,ribosome,153.5442,317.7381,120.5003
831,TS_73_6,ribosome,101.0903,344.2274,114.2175
832,TS_73_6,ribosome,312.6686,405.7299,115.6437
833,TS_73_6,ribosome,218.244,122.50340000000001,107.6338
834,TS_73_6,beta-amylase,196.2647,35.8235,37.6029
835,TS_73_6,beta-amylase,221.2609,45.0632,64.1739
836,TS_73_6,beta-amylase,217.75,20.5,90.75
837,TS_73_6,beta-amylase,94.3718,127.3397,13.2821
838,TS_73_6,beta-amylase,227.1379,191.10340000000002,54.6293
839,TS_73_6,beta-amylase,437.6951,216.01219999999998,39.682900000000004
840,TS_73_6,beta-amylase,376.198,286.0,102.12870000000001
841,TS_73_6,beta-amylase,253.4933,346.8622,64.6267
842,TS_73_6,beta-amylase,194.8482,360.0052,96.5864
843,TS_73_6,beta-amylase,194.9783,422.32610000000005,24.1304
844,TS_73_6,beta-amylase,183.874,508.51180000000005,89.3386
845,TS_73_6,beta-amylase,27.0861,559.4658000000001,81.5646
846,TS_73_6,thyroglobulin,184.178,105.7592,25.884800000000002
847,TS_73_6,thyroglobulin,238.72809999999998,232.63449999999997,33.193200000000004
848,TS_73_6,thyroglobulin,324.26,45.2621,48.9296
849,TS_73_6,thyroglobulin,40.9479,179.638,52.553399999999996
850,TS_73_6,thyroglobulin,458.25110000000006,173.801,56.947900000000004
851,TS_73_6,thyroglobulin,140.21020000000001,238.413,83.4912
852,TS_73_6,thyroglobulin,72.8817,415.1187,96.7208
853,TS_73_6,thyroglobulin,618.3204,99.6602,94.699
854,TS_73_6,thyroglobulin,202.5333,408.3449,101.3484
855,TS_73_6,thyroglobulin,310.3444,467.9447,104.33520000000001
856,TS_73_6,thyroglobulin,207.33110000000002,349.6993,116.375
857,TS_73_6,thyroglobulin,74.3959,23.837899999999998,117.7853
858,TS_73_6,thyroglobulin,52.499,502.1579,130.0106
859,TS_73_6,thyroglobulin,287.0,159.0,21.5
860,TS_73_6,thyroglobulin,484.25,41.25,43.8333
861,TS_73_6,thyroglobulin,90.14009999999999,532.5541000000001,77.4427
862,TS_73_6,thyroglobulin,188.5771,238.0697,66.8159
863,TS_73_6,thyroglobulin,187.54469999999998,261.43420000000003,92.1947
864,TS_73_6,thyroglobulin,60.8235,282.9608,47.869299999999996
865,TS_73_6,thyroglobulin,91.0265,323.947,90.78479999999999
866,TS_73_6,thyroglobulin,55.0896,148.4776,62.50750000000001
867,TS_73_6,thyroglobulin,432.9907,371.9346,54.700900000000004
868,TS_73_6,thyroglobulin,452.46459999999996,128.9394,7.3081000000000005
869,TS_73_6,thyroglobulin,234.9196,367.7366,73.50890000000001
870,TS_73_6,thyroglobulin,330.2378,183.1524,79.4207
871,TS_73_6,thyroglobulin,44.8929,252.82139999999998,81.1667
872,TS_73_6,thyroglobulin,269.4397,448.83689999999996,81.8369
873,TS_73_6,thyroglobulin,345.2853,271.7301,96.2577
874,TS_73_6,beta-galactosidase,228.5357,213.75709999999998,59.62140000000001
875,TS_73_6,beta-galactosidase,400.8603,38.3309,79.8529
876,TS_73_6,beta-galactosidase,83.9231,160.2692,108.8077
877,TS_73_6,beta-galactosidase,18.8815,216.737,76.97409999999999
878,TS_73_6,beta-galactosidase,74.2788,280.8077,24.6058
879,TS_73_6,beta-galactosidase,355.22220000000004,22.814799999999998,55.6481
880,TS_73_6,beta-galactosidase,434.11670000000004,375.65,53.2667
881,TS_73_6,beta-galactosidase,367.0099,211.81439999999998,52.099000000000004
882,TS_73_6,beta-galactosidase,234.9623,47.466300000000004,33.495999999999995
883,TS_73_6,beta-galactosidase,372.5132,352.0212,53.7937
884,TS_73_6,beta-galactosidase,213.25349999999997,266.15819999999997,68.9108
885,TS_73_6,beta-galactosidase,38.8433,323.0336,76.8209
886,TS_73_6,beta-galactosidase,455.5,318.875,86.875
887,TS_73_6,beta-galactosidase,27.727600000000002,325.87800000000004,89.73780000000001
888,TS_73_6,apo-ferritin,26.8662,473.03180000000003,91.6115
889,TS_73_6,apo-ferritin,23.8946,485.30609999999996,90.9898
890,TS_73_6,apo-ferritin,8.3114,572.956,121.95239999999998
891,TS_73_6,apo-ferritin,58.2143,276.9968,107.63640000000001
892,TS_73_6,apo-ferritin,51.0389,215.7244,36.2438
893,TS_73_6,apo-ferritin,61.91760000000001,199.161,52.0449
894,TS_73_6,apo-ferritin,124.57039999999999,200.2993,74.38730000000001
895,TS_73_6,apo-ferritin,129.0839,151.8942,79.7372
896,TS_73_6,apo-ferritin,132.8307,154.7677,65.3425
897,TS_73_6,apo-ferritin,135.2893,144.5597,72.5912
898,TS_73_6,apo-ferritin,99.3954,170.5229,36.640499999999996
899,TS_73_6,apo-ferritin,75.1138,142.6892,45.8677
900,TS_73_6,apo-ferritin,235.00619999999998,256.47040000000004,21.6978
901,TS_73_6,apo-ferritin,121.0503,568.7487,121.7588
902,TS_73_6,apo-ferritin,113.4771,567.9086,89.8514
903,TS_73_6,apo-ferritin,138.5017,507.77470000000005,36.4983
904,TS_73_6,apo-ferritin,150.13150000000002,504.7829,33.2783
905,TS_73_6,apo-ferritin,598.0404000000001,424.4379,47.8416
906,TS_73_6,apo-ferritin,538.8235,448.0,8.470600000000001
907,TS_73_6,apo-ferritin,537.75,450.75,8.5833
908,TS_73_6,apo-ferritin,539.5425,474.69930000000005,3.9085
909,TS_73_6,apo-ferritin,541.5078000000001,463.00780000000003,5.4219
910,TS_73_6,apo-ferritin,526.9381000000001,480.87610000000006,4.3717
911,TS_73_6,apo-ferritin,570.4167,329.0,8.5833
912,TS_73_6,apo-ferritin,554.3821,352.8374,4.715400000000001
913,TS_73_6,apo-ferritin,530.3962,375.5786,5.8176000000000005
914,TS_73_6,apo-ferritin,164.35920000000002,54.751,58.298
915,TS_73_6,apo-ferritin,172.5534,49.4356,64.48490000000001
916,TS_73_6,apo-ferritin,317.32759999999996,445.0517,103.9138
917,TS_73_6,apo-ferritin,312.1796,443.4709,26.4563
918,TS_73_6,apo-ferritin,300.98670000000004,438.4053,28.576
919,TS_73_6,apo-ferritin,294.7351,449.4183,30.6881
920,TS_73_6,apo-ferritin,341.0451,471.3045,29.594
921,TS_73_6,apo-ferritin,236.7675,487.2213,26.9412
922,TS_73_6,apo-ferritin,227.32559999999998,493.7781,29.873200000000004
923,TS_73_6,apo-ferritin,229.50680000000003,470.41099999999994,38.2363
924,TS_73_6,apo-ferritin,230.94940000000003,459.01270000000005,34.4557
925,TS_73_6,apo-ferritin,234.593,447.0807,32.9193
926,TS_73_6,apo-ferritin,246.8306,477.9707,27.3485
927,TS_73_6,apo-ferritin,238.17199999999997,406.03200000000004,102.1
928,TS_73_6,apo-ferritin,242.8114,427.16729999999995,133.55519999999999
929,TS_73_6,apo-ferritin,439.6744,508.2692,13.2436
930,TS_73_6,apo-ferritin,462.05190000000005,244.1364,10.5357
931,TS_73_6,apo-ferritin,461.85200000000003,236.4605,20.2105
932,TS_73_6,apo-ferritin,463.90959999999995,219.2289,6.1386
933,TS_73_6,apo-ferritin,463.56980000000004,226.2,15.166
934,TS_73_6,apo-ferritin,419.25,261.1806,14.9769
935,TS_73_6,apo-ferritin,423.9923,254.0192,17.2222
936,TS_73_6,apo-ferritin,428.66670000000005,253.51489999999998,60.549800000000005
937,TS_73_6,apo-ferritin,434.9217,258.0569,69.7082
938,TS_73_6,apo-ferritin,439.3977,243.5568,55.2273
939,TS_73_6,apo-ferritin,502.43230000000005,263.10949999999997,82.4726
940,TS_73_6,apo-ferritin,322.9887,315.8038,105.9283
941,TS_73_6,apo-ferritin,333.599,321.302,109.7624
942,TS_73_6,apo-ferritin,308.61080000000004,194.07840000000002,47.5514
943,TS_73_6,apo-ferritin,299.0879,199.0733,52.1832
944,TS_73_6,apo-ferritin,315.57370000000003,250.9436,14.9875
945,TS_73_6,apo-ferritin,328.7952,224.51860000000002,14.909600000000001
946,TS_73_6,apo-ferritin,338.3,280.0036,19.4679
947,TS_73_6,apo-ferritin,361.57710000000003,104.5806,22.455199999999998
948,TS_73_6,apo-ferritin,364.6689,178.223,8.831100000000001
949,TS_73_6,apo-ferritin,358.5105,169.4895,9.9247
950,TS_73_6,apo-ferritin,380.7282,226.3107,56.1197
951,TS_73_6,apo-ferritin,433.1237,77.95410000000001,20.9293
952,TS_73_6,apo-ferritin,439.3259,88.5599,23.6462
953,TS_73_6,apo-ferritin,362.1489,34.1667,7.3652
954,TS_73_6,apo-ferritin,279.899,131.5505,24.104499999999998
955,TS_73_6,apo-ferritin,253.6024,341.762,25.6355
956,TS_73_6,apo-ferritin,133.4486,398.8322,80.2226
957,TS_73_6,apo-ferritin,108.59290000000001,515.859,46.557900000000004
958,TS_73_6,apo-ferritin,117.773,514.1064,42.5529
959,TS_73_6,apo-ferritin,117.8346,522.7,34.542899999999996
960,TS_73_6,apo-ferritin,150.48430000000002,518.0322,35.544200000000004
961,TS_73_6,apo-ferritin,505.86170000000004,275.4639,82.6027
962,TS_73_6,apo-ferritin,316.7563,203.5642,45.556599999999996
963,TS_73_6,apo-ferritin,157.3409,39.0881,49.5616
964,TS_73_6,apo-ferritin,163.4084,50.7488,45.556599999999996
965,TS_73_6,apo-ferritin,154.5135,46.8754,59.574
966,TS_73_6,apo-ferritin,158.4637,45.4698,68.5852
967,TS_73_6,apo-ferritin,177.9966,58.0292,48.5604
968,TS_73_6,apo-ferritin,158.2199,58.2679,35.544200000000004
969,TS_73_6,apo-ferritin,219.289,17.1392,49.5616
970,TS_73_6,apo-ferritin,207.66039999999998,20.081899999999997,57.571600000000004
971,TS_73_6,apo-ferritin,218.9662,11.7874,59.574
972,TS_73_6,apo-ferritin,195.7082,14.5518,46.557900000000004
973,TS_73_6,apo-ferritin,194.465,16.1916,58.572799999999994
974,TS_73_6,apo-ferritin,327.0772,323.5528,101.6263
975,TS_73_6,apo-ferritin,342.15729999999996,146.24849999999998,30.538
976,TS_73_6,apo-ferritin,322.1982,291.8325,26.532999999999998
977,TS_73_6,apo-ferritin,339.1454,288.9264,33.5417
978,TS_73_6,apo-ferritin,392.7906,407.0523,22.528
979,TS_73_6,apo-ferritin,426.31850000000003,474.7497,22.528
980,TS_73_6,apo-ferritin,412.2371,485.2662,22.528
981,TS_73_6,apo-ferritin,423.6513,247.9339,51.564099999999996
982,TS_73_6,apo-ferritin,430.9621,238.9686,48.5604
983,TS_69_2,virus-like-particle,23.5918,296.762,79.9798
984,TS_69_2,virus-like-particle,51.6962,402.1185,87.8484
985,TS_69_2,virus-like-particle,283.2249,75.0827,65.4317
986,TS_69_2,virus-like-particle,258.7613,136.0659,81.4115
987,TS_69_2,virus-like-particle,506.33630000000005,173.2215,95.13300000000001
988,TS_69_2,virus-like-particle,593.0926999999999,97.8082,91.1592
989,TS_69_2,virus-like-particle,360.3379,238.54450000000003,92.48769999999999
990,TS_69_2,virus-like-particle,512.5065,568.1883,88.8948
991,TS_69_2,virus-like-particle,592.4779000000001,359.8073,94.17609999999999
992,TS_69_2,ribosome,600.682,532.8856,80.86330000000001
993,TS_69_2,ribosome,595.7767,557.1663,70.60679999999999
994,TS_69_2,ribosome,561.8836,616.176,69.3695
995,TS_69_2,ribosome,112.77940000000001,18.793799999999997,53.7361
996,TS_69_2,ribosome,176.78199999999998,321.3929,100.162
997,TS_69_2,ribosome,191.6347,342.6268,100.5688
998,TS_69_2,ribosome,117.1606,327.53110000000004,102.363
999,TS_69_2,ribosome,147.5204,341.89070000000004,106.21020000000001
1000,TS_69_2,ribosome,85.5205,190.57639999999998,98.8053
1001,TS_69_2,ribosome,104.14829999999999,163.9013,102.56969999999998
1002,TS_69_2,ribosome,58.872400000000006,171.7082,88.7573
1003,TS_69_2,ribosome,115.83800000000001,241.78400000000002,82.46520000000001
1004,TS_69_2,ribosome,394.4471,87.7964,87.5367
1005,TS_69_2,ribosome,380.03110000000004,50.9266,114.84020000000001
1006,TS_69_2,ribosome,508.06170000000003,76.3376,70.53020000000001
1007,TS_69_2,ribosome,466.1842,20.102600000000002,114.0471
1008,TS_69_2,ribosome,490.94960000000003,34.2802,90.59270000000001
1009,TS_69_2,ribosome,303.2898,180.16500000000002,98.0107
1010,TS_69_2,ribosome,328.14099999999996,178.6652,103.9956
1011,TS_69_2,ribosome,326.3628,330.7453,71.8927
1012,TS_69_2,ribosome,320.4775,302.8787,66.41499999999999
1013,TS_69_2,ribosome,341.13870000000003,367.4855,101.5965
1014,TS_69_2,ribosome,295.7875,321.5688,65.15090000000001
1015,TS_69_2,ribosome,298.8816,283.9513,74.7089
1016,TS_69_2,ribosome,375.9918,373.3779,87.5956
1017,TS_69_2,ribosome,406.4384,385.5712,107.3271
1018,TS_69_2,ribosome,409.364,280.6907,99.2895
1019,TS_69_2,ribosome,455.326,285.4694,93.4778
1020,TS_69_2,ribosome,483.3247,278.5558,100.8777
1021,TS_69_2,ribosome,498.225,301.2384,114.1249
1022,TS_69_2,ribosome,474.6456,324.70439999999996,98.9765
1023,TS_69_2,ribosome,620.5712000000001,319.0031,116.68299999999999
1024,TS_69_2,ribosome,567.807,303.4789,120.175
1025,TS_69_2,ribosome,547.3934,553.8158999999999,100.8782
1026,TS_69_2,ribosome,186.3411,182.0198,107.42909999999999
1027,TS_69_2,ribosome,431.05820000000006,260.0476,96.6971
1028,TS_69_2,ribosome,382.5977,256.85749999999996,107.25540000000001
1029,TS_69_2,beta-amylase,382.4768,506.4901,67.6026
1030,TS_69_2,beta-amylase,516.6324,390.54409999999996,92.4118
1031,TS_69_2,beta-amylase,512.3125,538.9375,94.5625
1032,TS_69_2,beta-amylase,440.7778,626.6944000000001,122.83330000000001
1033,TS_69_2,beta-amylase,35.0,122.0,121.0
1034,TS_69_2,beta-amylase,156.7122,213.10790000000003,68.705
1035,TS_69_2,beta-amylase,146.61430000000001,91.3857,125.8714
1036,TS_69_2,beta-amylase,279.1339,67.8571,116.48209999999999
1037,TS_69_2,beta-amylase,437.86379999999997,76.2894,91.3191
1038,TS_69_2,beta-amylase,356.9083,42.711,93.5688
1039,TS_69_2,beta-amylase,444.2424,228.6136,66.9773
1040,TS_69_2,beta-amylase,426.3574,336.3976,100.1928
1041,TS_69_2,thyroglobulin,169.7664,248.48899999999998,55.3359
1042,TS_69_2,thyroglobulin,108.37460000000002,433.6916,66.0712
1043,TS_69_2,thyroglobulin,253.50830000000002,373.9817,62.6862
1044,TS_69_2,thyroglobulin,71.911,231.8413,64.7963
1045,TS_69_2,thyroglobulin,27.0918,490.0032,67.7824
1046,TS_69_2,thyroglobulin,537.1849,89.78150000000001,67.4958
1047,TS_69_2,thyroglobulin,553.9777,167.7178,75.27720000000001
1048,TS_69_2,thyroglobulin,202.1719,79.7706,86.4533
1049,TS_69_2,thyroglobulin,236.794,97.8443,86.755
1050,TS_69_2,thyroglobulin,560.5799,162.3846,115.55619999999999
1051,TS_69_2,thyroglobulin,84.3974,353.7848,53.851
1052,TS_69_2,thyroglobulin,71.4545,312.90909999999997,67.36359999999999
1053,TS_69_2,thyroglobulin,145.6572,435.7201,78.3836
1054,TS_69_2,thyroglobulin,443.55910000000006,540.1685,87.4624
1055,TS_69_2,thyroglobulin,431.5138,420.4558,65.00829999999999
1056,TS_69_2,thyroglobulin,398.8304,392.4261,62.3783
1057,TS_69_2,thyroglobulin,504.9901,412.35150000000004,109.2673
1058,TS_69_2,thyroglobulin,590.179,539.0067,103.4295
1059,TS_69_2,thyroglobulin,443.5398,618.4513,71.8702
1060,TS_69_2,thyroglobulin,419.57700000000006,299.15160000000003,66.69930000000001
1061,TS_69_2,thyroglobulin,572.0,157.9247,82.5146
1062,TS_69_2,thyroglobulin,305.0,235.0,81.0
1063,TS_69_2,thyroglobulin,299.125,175.5417,61.625
1064,TS_69_2,thyroglobulin,300.4667,116.5667,93.8333
1065,TS_69_2,thyroglobulin,203.5125,14.55,119.8875
1066,TS_69_2,thyroglobulin,202.18869999999998,179.9321,69.834
1067,TS_69_2,thyroglobulin,76.3441,46.9624,88.5591
1068,TS_69_2,thyroglobulin,622.9592,39.449,128.6327
1069,TS_69_2,thyroglobulin,136.9833,592.4057,82.8807
1070,TS_69_2,thyroglobulin,78.5587,263.0,57.6201
1071,TS_69_2,thyroglobulin,336.29409999999996,69.5882,62.0588
1072,TS_69_2,thyroglobulin,362.5942,404.7846,72.9154
1073,TS_69_2,thyroglobulin,261.8947,36.9774,74.9173
1074,TS_69_2,thyroglobulin,567.9653000000001,417.6597,110.88889999999999
1075,TS_69_2,beta-galactosidase,312.40909999999997,234.9758,91.48179999999999
1076,TS_69_2,beta-galactosidase,310.4737,11.6316,89.3158
1077,TS_69_2,beta-galactosidase,148.215,197.68599999999998,80.99629999999999
1078,TS_69_2,beta-galactosidase,473.6857,163.35,128.1857
1079,TS_69_2,beta-galactosidase,544.0842,215.33159999999998,106.52629999999999
1080,TS_69_2,beta-galactosidase,582.9167,358.5,123.41669999999999
1081,TS_69_2,beta-galactosidase,593.4359000000001,403.8974,71.1538
1082,TS_69_2,beta-galactosidase,556.5033999999999,311.8993,77.0604
1083,TS_69_2,beta-galactosidase,178.64159999999998,108.7714,59.010400000000004
1084,TS_69_2,beta-galactosidase,505.8789,270.9421,67.01050000000001
1085,TS_69_2,beta-galactosidase,188.4097,207.1736,71.9583
1086,TS_69_2,beta-galactosidase,568.5555999999999,446.06059999999997,71.7172
1087,TS_69_2,beta-galactosidase,489.55060000000003,207.41770000000002,75.4272
1088,TS_69_2,beta-galactosidase,309.3723,252.89360000000002,92.3617
1089,TS_69_2,beta-galactosidase,501.5,134.0263,94.4649
1090,TS_69_2,beta-galactosidase,583.563,554.2991,112.56300000000002
1091,TS_69_2,apo-ferritin,77.0625,111.1161,108.87950000000001
1092,TS_69_2,apo-ferritin,82.82910000000001,120.1673,115.37449999999998
1093,TS_69_2,apo-ferritin,66.8986,104.1449,110.22460000000001
1094,TS_69_2,apo-ferritin,83.4049,59.2958,69.8099
1095,TS_69_2,apo-ferritin,8.1893,215.2929,54.317899999999995
1096,TS_69_2,apo-ferritin,519.4716000000001,227.7793,91.6254
1097,TS_69_2,apo-ferritin,272.0996,97.5578,75.9681
1098,TS_69_2,apo-ferritin,40.922399999999996,538.5982,81.91319999999999
1099,TS_69_2,apo-ferritin,47.0992,547.1736,82.6116
1100,TS_69_2,apo-ferritin,134.0353,586.0929,51.823699999999995
1101,TS_69_2,apo-ferritin,615.0553,424.8018,59.8848
1102,TS_69_2,apo-ferritin,411.6256,624.3555,55.0142
1103,TS_69_2,apo-ferritin,169.5969,470.17830000000004,57.647299999999994
1104,TS_69_2,apo-ferritin,163.93599999999998,485.04380000000003,106.33
1105,TS_69_2,apo-ferritin,477.5286,501.5714,58.1514
1106,TS_69_2,apo-ferritin,484.47389999999996,439.7387,78.23339999999999
1107,TS_69_2,apo-ferritin,319.2063,382.6044,60.7451
1108,TS_69_2,apo-ferritin,380.9442,419.8247,56.1673
1109,TS_69_2,apo-ferritin,358.34029999999996,436.6702,60.314099999999996
1110,TS_69_2,apo-ferritin,347.6717,438.3102,65.0181
1111,TS_69_2,apo-ferritin,334.6316,418.5936,58.695899999999995
1112,TS_69_2,apo-ferritin,335.6477,434.0341,64.9659
1113,TS_69_2,apo-ferritin,328.8077,444.0594,63.4301
1114,TS_69_2,apo-ferritin,322.7491,454.43639999999994,57.912699999999994
1115,TS_69_2,apo-ferritin,398.6778,443.54440000000005,57.2259
1116,TS_69_2,apo-ferritin,383.8352,398.34479999999996,63.30650000000001
1117,TS_69_2,apo-ferritin,441.4178,348.90790000000004,113.8289
1118,TS_69_2,apo-ferritin,286.4757,242.08249999999998,103.7476
1119,TS_69_2,apo-ferritin,296.5475,239.2793,108.1285
1120,TS_69_2,apo-ferritin,245.0507,272.2905,99.9426
1121,TS_69_2,apo-ferritin,337.4729,453.71760000000006,58.572799999999994
1122,TS_69_2,apo-ferritin,346.3362,475.963,58.572799999999994
1123,TS_69_2,apo-ferritin,328.07849999999996,427.0741,66.58279999999999
1124,TS_69_2,apo-ferritin,373.8087,429.4279,66.58279999999999
1125,TS_69_2,apo-ferritin,381.19140000000004,438.13019999999995,61.646100000000004
1126,TS_6_6,virus-like-particle,411.3927,154.0028,95.7754
1127,TS_6_6,virus-like-particle,420.50110000000006,51.42380000000001,37.7245
1128,TS_6_6,virus-like-particle,354.6662,99.6468,119.95920000000001
1129,TS_6_6,virus-like-particle,23.8569,347.53229999999996,72.28920000000001
1130,TS_6_6,virus-like-particle,40.442099999999996,270.726,97.0408
1131,TS_6_6,virus-like-particle,568.6068,582.9640999999999,36.4486
1132,TS_6_6,virus-like-particle,508.6352,615.7563,69.64439999999999
1133,TS_6_6,virus-like-particle,465.7586,587.5914,62.7971
1134,TS_6_6,virus-like-particle,582.7109,499.7341,85.4623
1135,TS_6_6,virus-like-particle,515.7398000000001,444.1079,68.3717
1136,TS_6_6,virus-like-particle,527.8371,303.89209999999997,40.617000000000004
1137,TS_6_6,virus-like-particle,300.51,411.67449999999997,53.311
1138,TS_6_6,virus-like-particle,282.9054,417.5449,82.866
1139,TS_6_6,virus-like-particle,324.807,451.30600000000004,58.286300000000004
1140,TS_6_6,virus-like-particle,260.98760000000004,456.98760000000004,116.9759
1141,TS_6_6,virus-like-particle,221.32869999999997,413.50169999999997,128.6851
1142,TS_6_6,virus-like-particle,330.39050000000003,569.7825,78.9744
1143,TS_6_6,virus-like-particle,100.87480000000001,594.9213,107.73030000000001
1144,TS_6_6,virus-like-particle,574.9051999999999,391.13919999999996,27.5342
1145,TS_6_6,ribosome,77.3644,497.5664,149.9213
1146,TS_6_6,ribosome,102.96549999999999,511.9687,133.2989
1147,TS_6_6,ribosome,210.609,484.63019999999995,128.9305
1148,TS_6_6,ribosome,284.3254,512.3492,137.7645
1149,TS_6_6,ribosome,367.6182,405.8335,122.849
1150,TS_6_6,ribosome,569.7427,195.0562,97.248
1151,TS_6_6,ribosome,245.2111,300.0991,110.85329999999999
1152,TS_6_6,ribosome,430.575,449.9335,121.4481
1153,TS_6_6,ribosome,374.0366,454.14660000000003,110.17609999999999
1154,TS_6_6,ribosome,540.5801,202.3684,72.59020000000001
1155,TS_6_6,ribosome,543.2587000000001,197.8296,102.6276
1156,TS_6_6,ribosome,534.3945,241.9647,82.6027
1157,TS_6_6,ribosome,518.2756999999999,211.1002,82.6027
1158,TS_6_6,ribosome,544.2264,247.35039999999998,111.63879999999999
1159,TS_6_6,ribosome,570.2357,228.28119999999998,91.6139
1160,TS_6_6,ribosome,515.6231,225.1003,103.6288
1161,TS_6_6,ribosome,498.4874,443.53090000000003,108.63499999999999
1162,TS_6_6,ribosome,481.6361,419.8518,107.6338
1163,TS_6_6,ribosome,433.3457,450.6473,93.3065
1164,TS_6_6,ribosome,382.1058,473.9232,97.62129999999999
1165,TS_6_6,ribosome,424.85839999999996,422.4388,117.6462
1166,TS_6_6,ribosome,78.2628,538.8786,143.67860000000002
1167,TS_6_6,ribosome,58.552800000000005,516.9929,143.67860000000002
1168,TS_6_6,beta-amylase,385.0,101.0,31.0
1169,TS_6_6,beta-amylase,406.36060000000003,165.1538,23.9038
1170,TS_6_6,beta-amylase,322.9286,199.0,74.57140000000001
1171,TS_6_6,beta-amylase,336.7549,176.6986,67.6789
1172,TS_6_6,beta-amylase,324.1333,219.6667,110.8667
1173,TS_6_6,beta-amylase,269.5942,142.25560000000002,38.0064
1174,TS_6_6,beta-amylase,265.7277,156.48510000000002,47.7787
1175,TS_6_6,beta-amylase,40.2895,408.5,151.4474
1176,TS_6_6,beta-amylase,183.73409999999998,413.30640000000005,83.5607
1177,TS_6_6,beta-amylase,148.596,378.5563,27.788099999999996
1178,TS_6_6,beta-amylase,218.32350000000002,303.91179999999997,67.05879999999999
1179,TS_6_6,beta-amylase,516.963,523.7037,70.9259
1180,TS_6_6,beta-amylase,491.0,466.5714,73.8857
1181,TS_6_6,beta-amylase,458.0,518.9756,106.5528
1182,TS_6_6,thyroglobulin,470.9027,599.6216000000001,31.681099999999997
1183,TS_6_6,thyroglobulin,282.2785,297.48609999999996,44.3679
1184,TS_6_6,thyroglobulin,297.463,578.6818000000001,49.111000000000004
1185,TS_6_6,thyroglobulin,462.2227,423.8002,50.6417
1186,TS_6_6,thyroglobulin,174.35899999999998,60.5843,52.96319999999999
1187,TS_6_6,thyroglobulin,449.21000000000004,214.54000000000002,58.42999999999999
1188,TS_6_6,thyroglobulin,240.86260000000001,251.5879,63.2912
1189,TS_6_6,thyroglobulin,600.4797,152.8455,67.0081
1190,TS_6_6,thyroglobulin,606.5226,78.2511,70.6026
1191,TS_6_6,thyroglobulin,344.4054,144.4976,78.5389
1192,TS_6_6,thyroglobulin,432.7106,228.6262,87.9085
1193,TS_6_6,thyroglobulin,209.2183,196.8936,94.6212
1194,TS_6_6,thyroglobulin,214.12600000000003,449.3054,95.6843
1195,TS_6_6,thyroglobulin,534.8617,563.6545,94.3527
1196,TS_6_6,thyroglobulin,250.58339999999998,162.91410000000002,111.8847
1197,TS_6_6,thyroglobulin,76.0567,415.73940000000005,114.6652
1198,TS_6_6,thyroglobulin,22.889699999999998,292.3352,128.6104
1199,TS_6_6,thyroglobulin,52.4918,271.3886,129.1522
1200,TS_6_6,thyroglobulin,330.2056,83.4556,133.69670000000002
1201,TS_6_6,thyroglobulin,58.6238,320.1857,150.7786
1202,TS_6_6,thyroglobulin,375.0577,185.2692,95.0385
1203,TS_6_6,thyroglobulin,376.6612,157.8415,58.8798
1204,TS_6_6,thyroglobulin,540.7907,121.6163,40.7558
1205,TS_6_6,thyroglobulin,311.36990000000003,452.26030000000003,96.0342
1206,TS_6_6,thyroglobulin,346.63870000000003,487.521,40.8571
1207,TS_6_6,thyroglobulin,185.6175,454.55190000000005,118.5519
1208,TS_6_6,thyroglobulin,92.25,511.0,105.5
1209,TS_6_6,thyroglobulin,118.40540000000001,513.5135,33.7568
1210,TS_6_6,thyroglobulin,251.10729999999998,189.8707,81.8244
1211,TS_6_6,thyroglobulin,481.7354,486.0628,97.9955
1212,TS_6_6,thyroglobulin,446.1316,358.0702,106.7544
1213,TS_6_6,thyroglobulin,294.7812,129.75,110.96880000000002
1214,TS_6_6,thyroglobulin,471.99179999999996,185.3143,122.9265
1215,TS_6_6,thyroglobulin,154.3079,364.9778,135.3424
1216,TS_6_6,thyroglobulin,97.018,347.3559,147.3604
1217,TS_6_6,beta-galactosidase,552.4087999999999,325.12260000000003,61.9877
1218,TS_6_6,beta-galactosidase,504.64340000000004,158.6382,98.85159999999999
1219,TS_6_6,beta-galactosidase,464.0,186.5,68.5
1220,TS_6_6,beta-galactosidase,177.75,365.0417,60.0
1221,TS_6_6,beta-galactosidase,134.3732,593.9859,103.99300000000001
1222,TS_6_6,beta-galactosidase,463.45829999999995,446.54170000000005,80.6667
1223,TS_6_6,beta-galactosidase,479.1,491.16,47.36
1224,TS_6_6,beta-galactosidase,382.7744,527.6792,48.7469
1225,TS_6_6,beta-galactosidase,402.0131,361.4629,91.64189999999999
1226,TS_6_6,beta-galactosidase,400.22220000000004,500.8421,113.7719
1227,TS_6_6,beta-galactosidase,244.02820000000003,244.99810000000002,114.0433
1228,TS_6_6,apo-ferritin,191.683,331.1797,75.4673
1229,TS_6_6,apo-ferritin,199.6861,323.1277,80.3577
1230,TS_6_6,apo-ferritin,220.65120000000002,297.53020000000004,117.9674
1231,TS_6_6,apo-ferritin,28.529199999999996,137.9331,41.7577
1232,TS_6_6,apo-ferritin,75.37809999999999,263.3219,97.30940000000001
1233,TS_6_6,apo-ferritin,72.61760000000001,255.94899999999998,147.3314
1234,TS_6_6,apo-ferritin,74.7829,263.0698,154.93019999999999
1235,TS_6_6,apo-ferritin,112.3151,269.82959999999997,72.5852
1236,TS_6_6,apo-ferritin,123.4692,299.4751,92.04690000000001
1237,TS_6_6,apo-ferritin,33.2707,338.2279,124.19090000000001
1238,TS_6_6,apo-ferritin,76.6772,317.06669999999997,154.3544
1239,TS_6_6,apo-ferritin,156.9207,239.45520000000002,129.969
1240,TS_6_6,apo-ferritin,81.8107,362.5562,67.1657
1241,TS_6_6,apo-ferritin,114.69570000000002,150.8462,67.9398
1242,TS_6_6,apo-ferritin,458.6585,47.6585,76.378
1243,TS_6_6,apo-ferritin,452.86629999999997,55.148900000000005,77.3374
1244,TS_6_6,apo-ferritin,490.512,109.08430000000001,26.6175
1245,TS_6_6,apo-ferritin,534.4970999999999,44.6,6.0429
1246,TS_6_6,apo-ferritin,525.0109,313.29200000000003,84.2628
1247,TS_6_6,apo-ferritin,506.6127,195.4349,29.3048
1248,TS_6_6,apo-ferritin,567.1396,275.3784,79.7838
1249,TS_6_6,apo-ferritin,579.4353,245.73020000000002,44.1691
1250,TS_6_6,apo-ferritin,335.5743,236.5446,113.8614
1251,TS_6_6,apo-ferritin,310.177,127.89179999999999,26.4197
1252,TS_6_6,apo-ferritin,270.5768,188.9625,135.4642
1253,TS_6_6,apo-ferritin,310.9837,180.07819999999998,95.4072
1254,TS_6_6,apo-ferritin,421.24219999999997,201.38060000000002,30.5882
1255,TS_6_6,apo-ferritin,405.761,576.7868000000001,57.658100000000005
1256,TS_6_6,apo-ferritin,315.3077,479.05379999999997,46.0577
1257,TS_6_6,apo-ferritin,297.7845,463.4696,44.4254
1258,TS_6_6,apo-ferritin,333.2697,525.1364,72.05760000000001
1259,TS_6_6,apo-ferritin,344.2903,582.7203999999999,108.05019999999999
1260,TS_6_6,apo-ferritin,31.8185,500.05789999999996,55.1158
1261,TS_6_6,apo-ferritin,177.6173,488.77160000000003,101.98769999999999
1262,TS_6_6,apo-ferritin,357.8705,348.0026,120.65
1263,TS_6_6,apo-ferritin,568.0786,275.9578,93.6164
1264,TS_6_6,apo-ferritin,343.2444,120.843,82.6027
1265,TS_6_6,apo-ferritin,307.4149,185.9506,84.6052
1266,TS_6_6,apo-ferritin,194.978,306.87399999999997,115.6437
1267,TS_6_6,apo-ferritin,368.79650000000004,175.14839999999998,129.6612
1268,TS_6_6,apo-ferritin,368.471,165.4009,130.6624
